recordID	sequenceID	alignment_name	alignment_displayName	m49_country.id	m49_country.display_name	gb_place_sampled	collection_year	earliest_collection_year	latest_collection_year	gb_length	gb_create_date	gb_update_date	host	gb_pubmed_id	isolate	country_edit	country_update	place_edit	place_update	collection_year_edit	collection_year_update	earliest_collection_edit	earliest_collection_update	latest_collection_edit	latest_collection_update	host_edit	host_update	host_common_edit	Lab_construct	Vaccine	pubmedID_edit	pubmed_update	Notes
122	FJ959397	AL_Asian_SEA2a	Asian SEA2a	CHN	China	Zibo, Shandong Province	1956	1956	1956	11925	31-May-09	30-Jun-15	-	20572340	CTN-1	China	unchanged	Zibo, Shandong Province	unchanged	1956	unchanged	1956	unchanged	1956	unchanged	Homo sapiens	filled in		no	yes	20572340	unchanged	Vaccine strain for human use
225	KJ466147	AL_Asian_SEA2a	Asian SEA2a	CHN	China	Shenzhen, Guangdong Province	-	-	2014	11924	26-May-14	26-May-14	-	24885666	CTNCEC25	China	unchanged	Shenzhen, Guangdong Province	unchanged	-	unchanged	-	unchanged	2014	unchanged	-	unchanged		yes	yes	24885666	unchanged	Lab altered vaccine strain
226	KU946961	AL_Asian_SEA2a	Asian SEA2a	CHN	China	-	2009	2009	2009	11924	18-Apr-16	18-Apr-16	-	-	CTN181-3	China	unchanged	-	unchanged	2009	unchanged	2009	unchanged	2009	unchanged	-	unchanged		no	yes	-	unchanged	Vaccine from name (CTN)
98	EF564174	AL_Asian_SEA2a	Asian SEA2a	CHN	China	Shandong Province	1956	1956	1956	11923	29-Feb-08	02-Jun-09	-	-	CTN181	China	unchanged	Shandong Province	unchanged	1956	unchanged	1956	unchanged	1956	unchanged	Homo sapiens	filled in		no	yes	-	unchanged	Says 'patient', probably human. Could be vaccine
119	EU643590	AL_Asian_SEA2a	Asian SEA2a	CHN	China	Hunan Province	2006	2006	2006	11923	25-May-09	25-May-09	-	19463716	HN10	China	unchanged	Hunan Province	unchanged	2006	unchanged	2006	unchanged	2006	unchanged	Homo sapiens	filled in		no	no	19463716	unchanged	Patient'
223	JX088694	AL_Asian_SEA2a	Asian SEA2a	CHN	China	-	-	-	2012	11923	08-Aug-12	23-Oct-12	Sus scrofa	23087116	GD-SH-01	China	unchanged	-	unchanged	-	unchanged	-	unchanged	2012	unchanged	Sus scrofa	unchanged		no	no	23087116	unchanged	
10	AB428309	AL_Asian_SEA2a	Asian SEA2a	CHN	China	Guangxi	2005	2005	2005	1575	02-Dec-09	02-Dec-09	-	-	CHpg3	China	unchanged	Guangxi	unchanged	2005	unchanged	2005	unchanged	2005	unchanged	Sus	filled in	Pig	no	no	-	unchanged	
11	AB428310	AL_Asian_SEA2a	Asian SEA2a	CHN	China	Guangxi	2004	2004	2004	1575	02-Dec-09	02-Dec-09	-	-	CHdg4	China	unchanged	Guangxi	unchanged	2004	unchanged	2004	unchanged	2004	unchanged	Canis lupus familiaris	filled in		no	no	-	unchanged	
12	AB428311	AL_Asian_SEA2a	Asian SEA2a	CHN	China	Guangxi	2005	2005	2005	1575	02-Dec-09	02-Dec-09	-	-	CHdg5	China	unchanged	Guangxi	unchanged	2005	unchanged	2005	unchanged	2005	unchanged	Canis lupus familiaris	filled in		no	no	-	unchanged	
13	AB428313	AL_Asian_SEA2a	Asian SEA2a	CHN	China	Guangxi	2004	2004	2004	1575	02-Dec-09	02-Dec-09	-	-	CHbv7	China	unchanged	Guangxi	unchanged	2004	unchanged	2004	unchanged	2004	unchanged	Canis lupus familiaris	filled in		no	no	-	unchanged	
14	AB428314	AL_Asian_SEA2a	Asian SEA2a	CHN	China	Guangxi	2003	2003	2003	1575	02-Dec-09	02-Dec-09	-	-	CHdg8	China	unchanged	Guangxi	unchanged	2003	unchanged	2003	unchanged	2003	unchanged	Canis lupus familiaris	filled in		no	no	-	unchanged	
15	AB428315	AL_Asian_SEA2a	Asian SEA2a	CHN	China	Guangxi	2005	2005	2005	1575	02-Dec-09	02-Dec-09	-	-	CHbv9	China	unchanged	Guangxi	unchanged	2005	unchanged	2005	unchanged	2005	unchanged	Bos	filled in	Cattle	no	no	-	unchanged	
16	AB428316	AL_Asian_SEA2a	Asian SEA2a	CHN	China	Guangxi	2005	2005	2005	1575	02-Dec-09	02-Dec-09	-	-	CHdg10	China	unchanged	Guangxi	unchanged	2005	unchanged	2005	unchanged	2005	unchanged	Canis lupus familiaris	filled in		no	no	-	unchanged	
46	AY009100	AL_Asian_SEA2a	Asian SEA2a	CHN	China	Shandong Province	-	-	2000	1575	03-Dec-00	01-Jan-00	-	-	CTN	China	unchanged	Shandong Province	unchanged	1956	filled in	1956	filled in	1956	updated	Homo sapiens	filled in		no	yes	-	unchanged	Could be vaccine? Same ID as above. Found by googling
55	DQ767890	AL_Asian_SEA2a	Asian SEA2a	-	-	-	-	-	2006	1575	26-Jul-06	01-Dec-08	-	-	CTN-7	China	filled in	-	unchanged	-	unchanged	-	unchanged	2006	unchanged	-	unchanged		no	yes	-	unchanged	Vaccine
56	DQ767891	AL_Asian_SEA2a	Asian SEA2a	-	-	-	-	-	2006	1575	26-Jul-06	01-Dec-08	-	-	CTN-26	China	filled in	-	unchanged	-	unchanged	-	unchanged	2006	unchanged	-	unchanged		no	yes	-	unchanged	From name (CTN) - vaccine
57	DQ767892	AL_Asian_SEA2a	Asian SEA2a	-	-	-	-	-	2006	1575	26-Jul-06	01-Dec-08	-	-	CTN-27	China	filled in	-	unchanged	-	unchanged	-	unchanged	2006	unchanged	-	unchanged		no	yes	-	unchanged	From name (CTN) - vaccine
58	DQ767893	AL_Asian_SEA2a	Asian SEA2a	-	-	-	-	-	2006	1575	26-Jul-06	01-Dec-08	-	-	CTN-28	China	filled in	-	unchanged	-	unchanged	-	unchanged	2006	unchanged	-	unchanged		no	yes	-	unchanged	From name (CTN) - vaccine
59	DQ767894	AL_Asian_SEA2a	Asian SEA2a	-	-	-	-	-	2006	1575	26-Jul-06	01-Dec-08	-	-	CTN-29	China	filled in	-	unchanged	-	unchanged	-	unchanged	2006	unchanged	-	unchanged		no	yes	-	unchanged	From name (CTN) - vaccine
60	DQ767895	AL_Asian_SEA2a	Asian SEA2a	-	-	-	-	-	2006	1575	26-Jul-06	01-Dec-08	-	-	CTN-30	China	filled in	-	unchanged	-	unchanged	-	unchanged	2006	unchanged	-	unchanged		no	yes	-	unchanged	From name (CTN) - vaccine
61	DQ767896	AL_Asian_SEA2a	Asian SEA2a	-	-	-	-	-	2006	1575	26-Jul-06	01-Dec-08	-	-	CTN-33	China	filled in	-	unchanged	-	unchanged	-	unchanged	2006	unchanged	-	unchanged		no	yes	-	unchanged	From name (CTN) - vaccine
62	DQ767897	AL_Asian_SEA2a	Asian SEA2a	-	-	-	-	-	2006	1575	26-Jul-06	01-Dec-08	-	-	CTN-35	China	filled in	-	unchanged	-	unchanged	-	unchanged	2006	unchanged	-	unchanged		no	yes	-	unchanged	From name (CTN) - vaccine
117	EU267746	AL_Asian_SEA2a	Asian SEA2a	CHN	China	-	-	-	2008	1575	07-Dec-08	05-Jan-09	Canis familiaris	19041424	Guizhou Al01	China	unchanged	Guizhou	filled in	-	unchanged	-	unchanged	2008	unchanged	Canis familiaris	unchanged		no	no	19041424	unchanged	
118	EU267747	AL_Asian_SEA2a	Asian SEA2a	CHN	China	-	-	-	2008	1575	07-Dec-08	05-Jan-09	Canis familiaris	19041424	Guizhou Al03	China	unchanged	Guizhou	filled in	-	unchanged	-	unchanged	2008	unchanged	Canis familiaris	unchanged		no	no	19041424	unchanged	
227	L04523	AL_Asian_SEA2a	Asian SEA2a	-	-	-	-	-	1993	1575	03-Aug-93	04-Mar-93	-	8460524	Chinese street strain CGX89-1	China	filled in	Guangxi	filled in	1989	filled in	1989	filled in	1989	updated	Canis lupus familiaris	filled in		no	no	8460524	unchanged	
224	KC792061	AL_Asian_SEA2a	Asian SEA2a	CHN	China	-	-	-	2013	1572	18-Jun-13	18-Jun-13	Canis familiaris	-	A12_0859	China	unchanged	-	unchanged	-	unchanged	-	unchanged	2013	unchanged	Canis familiaris	unchanged		no	no	-	unchanged	
53	DQ666289	AL_Asian_SEA2a	Asian SEA2a	CHN	China	-	-	-	2006	1484	23-Jul-06	01-Dec-08	Canis familiaris	16828520	Guizhou_A101	China	unchanged	Guizhou	filled in	-	unchanged	-	unchanged	2006	unchanged	Canis familiaris	unchanged		no	no	16828520	unchanged	
54	DQ666290	AL_Asian_SEA2a	Asian SEA2a	CHN	China	-	-	-	2006	1484	23-Jul-06	01-Dec-08	Canis familiaris	16828520	Guizhou_A103	China	unchanged	Guizhou	filled in	-	unchanged	-	unchanged	2006	unchanged	Canis familiaris	unchanged		no	no	16828520	unchanged	
45	AF367863	AL_Asian_SEA2a	Asian SEA2a	-	-	-	-	-	2001	1353	15-May-01	15-May-01	-	-	CTN	China	filled in	-	unchanged	1956	filled in	1956	filled in	1956	updated	-	unchanged		no	yes	-	unchanged	Vaccine, found by googling
50	DQ496219	AL_Asian_SEA2a	Asian SEA2a	CHN	China	Hunan province	-	-	2006	1353	13-May-06	19-Apr-11	-	17559696	HuNPN01	China	unchanged	Hunan province	unchanged	-	unchanged	-	unchanged	2006	unchanged	Sus	filled in	Pig	no	no	17559696	unchanged	
63	DQ787139	AL_Asian_SEA2a	Asian SEA2a	-	-	-	-	-	2006	1353	31-Jul-06	01-Dec-08	-	-	CTN-7	China	filled in	-	unchanged	-	unchanged	-	unchanged	2006	unchanged	-	unchanged		no	yes	-	unchanged	From name (CTN) - vaccine
64	DQ787140	AL_Asian_SEA2a	Asian SEA2a	-	-	-	-	-	2006	1353	31-Jul-06	01-Dec-08	-	-	CTN-26	China	filled in	-	unchanged	-	unchanged	-	unchanged	2006	unchanged	-	unchanged		no	yes	-	unchanged	From name (CTN) - vaccine
65	DQ787141	AL_Asian_SEA2a	Asian SEA2a	-	-	-	-	-	2006	1353	31-Jul-06	01-Dec-08	-	-	CTN-27	China	filled in	-	unchanged	-	unchanged	-	unchanged	2006	unchanged	-	unchanged		no	yes	-	unchanged	From name (CTN) - vaccine
66	DQ787142	AL_Asian_SEA2a	Asian SEA2a	-	-	-	-	-	2006	1353	31-Jul-06	01-Dec-08	-	-	CTN-28	China	filled in	-	unchanged	-	unchanged	-	unchanged	2006	unchanged	-	unchanged		no	yes	-	unchanged	From name (CTN) - vaccine
67	DQ787143	AL_Asian_SEA2a	Asian SEA2a	-	-	-	-	-	2006	1353	31-Jul-06	01-Dec-08	-	-	CTN-29	China	filled in	-	unchanged	-	unchanged	-	unchanged	2006	unchanged	-	unchanged		no	yes	-	unchanged	From name (CTN) - vaccine
68	DQ787144	AL_Asian_SEA2a	Asian SEA2a	-	-	-	-	-	2006	1353	31-Jul-06	01-Dec-08	-	-	CTN-30	China	filled in	-	unchanged	-	unchanged	-	unchanged	2006	unchanged	-	unchanged		no	yes	-	unchanged	From name (CTN) - vaccine
69	DQ787145	AL_Asian_SEA2a	Asian SEA2a	-	-	-	-	-	2006	1353	31-Jul-06	01-Dec-08	-	-	CTN-33	China	filled in	-	unchanged	-	unchanged	-	unchanged	2006	unchanged	-	unchanged		no	yes	-	unchanged	From name (CTN) - vaccine
70	DQ787146	AL_Asian_SEA2a	Asian SEA2a	-	-	-	-	-	2006	1353	31-Jul-06	01-Dec-08	-	-	CTN-35	China	filled in	-	unchanged	-	unchanged	-	unchanged	2006	unchanged	-	unchanged		no	yes	-	unchanged	From name (CTN) - vaccine
82	DQ866105	AL_Asian_SEA2a	Asian SEA2a	CHN	China	Guangxi	-	-	2006	1353	05-Aug-06	14-Jul-16	Canis familiaris	17588806	GX01	China	unchanged	Guilin	updated	2004	filled in	2004	filled in	2004	updated	Canis familiaris	unchanged		no	no	17588806	unchanged	
83	DQ866106	AL_Asian_SEA2a	Asian SEA2a	CHN	China	Guangxi	-	-	2006	1353	05-Aug-06	14-Jul-16	Canis familiaris	17588806	GX014	China	unchanged	Chongzuo	updated	2003	filled in	2003	filled in	2003	updated	Canis familiaris	unchanged		no	no	17588806	unchanged	
84	DQ866108	AL_Asian_SEA2a	Asian SEA2a	CHN	China	Guangxi	-	-	2006	1353	05-Aug-06	14-Jul-16	Canis familiaris	17588806	GX08	China	unchanged	Qinzhou	updated	2003	filled in	2003	filled in	2003	updated	Canis familiaris	unchanged		no	no	17588806	unchanged	
85	DQ866109	AL_Asian_SEA2a	Asian SEA2a	CHN	China	Guangxi	-	-	2006	1353	05-Aug-06	14-Jul-16	Canis familiaris	17588806	GX09	China	unchanged	Qinzhou	updated	2003	filled in	2003	filled in	2003	updated	Canis familiaris	unchanged		no	no	17588806	unchanged	
86	DQ866110	AL_Asian_SEA2a	Asian SEA2a	CHN	China	Guangxi	-	-	2006	1353	05-Aug-06	14-Jul-16	Canis familiaris	17588806	GX091	China	unchanged	Liuzhou	updated	2004	filled in	2004	filled in	2004	updated	Canis familiaris	unchanged		no	no	17588806	unchanged	
87	DQ866112	AL_Asian_SEA2a	Asian SEA2a	CHN	China	Guangxi	-	-	2006	1353	05-Aug-06	14-Jul-16	Canis familiaris	17588806	GX195	China	unchanged	Wuzhou	updated	2004	filled in	2004	filled in	2004	updated	Canis familiaris	unchanged		no	no	17588806	unchanged	
88	DQ866114	AL_Asian_SEA2a	Asian SEA2a	CHN	China	Guangxi	-	-	2006	1353	05-Aug-06	14-Jul-16	Canis familiaris	17588806	GX260	China	unchanged	Laibin	updated	2004	filled in	2004	filled in	2004	updated	Bos	updated	Cattle	no	no	17588806	unchanged	
89	DQ866116	AL_Asian_SEA2a	Asian SEA2a	CHN	China	Guangxi	-	-	2006	1353	05-Aug-06	14-Jul-16	Canis familiaris	17588806	GXLA	China	unchanged	Nanning	updated	2003	filled in	2003	filled in	2003	updated	Canis familiaris	unchanged		no	no	17588806	unchanged	
90	DQ866119	AL_Asian_SEA2a	Asian SEA2a	CHN	China	Guangxi	-	-	2006	1353	05-Aug-06	14-Jul-16	Canis familiaris	17588806	GXHX	China	unchanged	Nanning	updated	2005	filled in	2005	filled in	2005	updated	Canis familiaris	unchanged		no	no	17588806	unchanged	
91	DQ866120	AL_Asian_SEA2a	Asian SEA2a	CHN	China	Guangxi	-	-	2006	1353	05-Aug-06	14-Jul-16	Canis familiaris	17588806	GXSL	China	unchanged	Nanning	updated	2005	filled in	2005	filled in	2005	updated	Bos	updated	Cattle	no	no	17588806	unchanged	
92	DQ866121	AL_Asian_SEA2a	Asian SEA2a	CHN	China	Guangxi	-	-	2006	1353	05-Aug-06	14-Jul-16	Canis familiaris	17588806	GXWXp	China	unchanged	Wuxuan	updated	2005	filled in	2005	filled in	2005	updated	Sus	updated	Pig	no	no	17588806	unchanged	
123	HM486355	AL_Asian_SEA2a	Asian SEA2a	CHN	China	-	-	-	2012	1353	12-May-12	12-May-12	Canis familiaris	22563518	CSH0412D	China	unchanged	Shanghai	filled in	2004	filled in	2004	filled in	2004	updated	Canis familiaris	unchanged		no	no	22563518	unchanged	
124	HM486356	AL_Asian_SEA2a	Asian SEA2a	CHN	China	-	-	-	2012	1353	12-May-12	12-May-12	Canis familiaris	22563518	CSH0419D	China	unchanged	Shanghai	filled in	2004	filled in	2004	filled in	2004	updated	Canis familiaris	unchanged		no	no	22563518	unchanged	
125	HM486357	AL_Asian_SEA2a	Asian SEA2a	CHN	China	-	-	-	2012	1353	12-May-12	12-May-12	Canis familiaris	22563518	CSH0323D	China	unchanged	-	unchanged	-	unchanged	-	unchanged	2012	unchanged	Canis familiaris	unchanged		no	no	22563518	unchanged	
126	HM486358	AL_Asian_SEA2a	Asian SEA2a	CHN	China	-	-	-	2012	1353	12-May-12	12-May-12	Canis familiaris	22563518	CSH0324D	China	unchanged	Shanghai	filled in	2003	filled in	2003	filled in	2003	updated	Canis familiaris	unchanged		no	no	22563518	unchanged	
127	HM486359	AL_Asian_SEA2a	Asian SEA2a	CHN	China	-	-	-	2012	1353	12-May-12	12-May-12	Canis familiaris	22563518	CSH0325D	China	unchanged	Shanghai	filled in	2003	filled in	2003	filled in	2003	updated	Canis familiaris	unchanged		no	no	22563518	unchanged	
128	HM486361	AL_Asian_SEA2a	Asian SEA2a	CHN	China	-	-	-	2012	1353	12-May-12	12-May-12	Canis familiaris	22563518	CAH0508D	China	unchanged	Anhui	filled in	2005	filled in	2005	filled in	2005	updated	Canis familiaris	unchanged		no	no	22563518	unchanged	
129	HM486362	AL_Asian_SEA2a	Asian SEA2a	CHN	China	-	-	-	2012	1353	12-May-12	12-May-12	Canis familiaris	22563518	CAH0512D	China	unchanged	Anhui	filled in	2005	filled in	2005	filled in	2005	updated	Canis familiaris	unchanged		no	no	22563518	unchanged	
130	HM486364	AL_Asian_SEA2a	Asian SEA2a	CHN	China	-	-	-	2012	1353	12-May-12	12-May-12	Canis familiaris	22563518	CJS0621D	China	unchanged	Jiangsu	filled in	2006	filled in	2006	filled in	2006	updated	Canis familiaris	unchanged		no	no	22563518	unchanged	
131	HM486365	AL_Asian_SEA2a	Asian SEA2a	CHN	China	-	-	-	2012	1353	12-May-12	12-May-12	Canis familiaris	22563518	CGX0609D	China	unchanged	Guangxi	filled in	2006	filled in	2006	filled in	2006	updated	Canis familiaris	unchanged		no	no	22563518	unchanged	
132	HM486366	AL_Asian_SEA2a	Asian SEA2a	CHN	China	-	-	-	2012	1353	12-May-12	12-May-12	Canis familiaris	22563518	CGX0524D	China	unchanged	Guangxi	filled in	2005	filled in	2005	filled in	2005	updated	Canis familiaris	unchanged		no	no	22563518	unchanged	
133	HM486367	AL_Asian_SEA2a	Asian SEA2a	CHN	China	-	-	-	2012	1353	12-May-12	12-May-12	Canis familiaris	22563518	CGZ0504D	China	unchanged	Guizhou	filled in	2005	filled in	2005	filled in	2005	updated	Canis familiaris	unchanged		no	no	22563518	unchanged	
134	HM486368	AL_Asian_SEA2a	Asian SEA2a	CHN	China	-	-	-	2012	1353	12-May-12	12-May-12	Canis familiaris	22563518	CGZ0508D	China	unchanged	Guizhou	filled in	2005	filled in	2005	filled in	2005	updated	Canis familiaris	unchanged		no	no	22563518	unchanged	
135	HM486369	AL_Asian_SEA2a	Asian SEA2a	CHN	China	-	-	-	2012	1353	12-May-12	12-May-12	Canis familiaris	22563518	CGZ0620D	China	unchanged	Guizhou	filled in	2006	filled in	2006	filled in	2006	updated	Canis familiaris	unchanged		no	no	22563518	unchanged	
136	HM486370	AL_Asian_SEA2a	Asian SEA2a	CHN	China	-	-	-	2012	1353	12-May-12	12-May-12	Canis familiaris	22563518	CGX0516D	China	unchanged	Guangxi	filled in	2005	filled in	2005	filled in	2005	updated	Canis familiaris	unchanged		no	no	22563518	unchanged	
137	HM486371	AL_Asian_SEA2a	Asian SEA2a	CHN	China	-	-	-	2012	1353	12-May-12	12-May-12	Canis familiaris	22563518	CGZ0517D	China	unchanged	Guizhou	filled in	2005	filled in	2005	filled in	2005	updated	Canis familiaris	unchanged		no	no	22563518	unchanged	
138	HM486372	AL_Asian_SEA2a	Asian SEA2a	CHN	China	-	-	-	2012	1353	12-May-12	12-May-12	Canis familiaris	22563518	CGZ0621D	China	unchanged	Guizhou	filled in	2006	filled in	2006	filled in	2006	updated	Canis familiaris	unchanged		no	no	22563518	unchanged	
139	HM486373	AL_Asian_SEA2a	Asian SEA2a	CHN	China	-	-	-	2012	1353	12-May-12	12-May-12	Canis familiaris	22563518	CZJ0804D	China	unchanged	Zhejiang	filled in	2008	filled in	2008	filled in	2008	updated	Canis familiaris	unchanged		no	no	22563518	unchanged	
140	HM486374	AL_Asian_SEA2a	Asian SEA2a	CHN	China	-	-	-	2012	1353	12-May-12	12-May-12	Canis familiaris	22563518	CZJ0805D	China	unchanged	Zhejiang	filled in	2008	filled in	2008	filled in	2008	updated	Canis familiaris	unchanged		no	no	22563518	unchanged	
141	HM486375	AL_Asian_SEA2a	Asian SEA2a	CHN	China	-	-	-	2012	1353	12-May-12	12-May-12	Canis familiaris	22563518	CZJ0807D	China	unchanged	Zhejiang	filled in	2008	filled in	2008	filled in	2008	updated	Canis familiaris	unchanged		no	no	22563518	unchanged	
142	HM486379	AL_Asian_SEA2a	Asian SEA2a	CHN	China	-	-	-	2012	1353	12-May-12	12-May-12	Canis familiaris	22563518	CSD0807D	China	unchanged	Shandong	filled in	2007	filled in	2007	filled in	2007	updated	Canis familiaris	unchanged		no	no	22563518	unchanged	
143	HM486380	AL_Asian_SEA2a	Asian SEA2a	CHN	China	-	-	-	2012	1353	12-May-12	12-May-12	Canis familiaris	22563518	CSD0614D	China	unchanged	Shandong	filled in	2006	filled in	2006	filled in	2006	updated	Canis familiaris	unchanged		no	no	22563518	unchanged	
144	HM486381	AL_Asian_SEA2a	Asian SEA2a	CHN	China	-	-	-	2012	1353	12-May-12	12-May-12	Canis familiaris	22563518	CSD0709D	China	unchanged	Shandong	filled in	2007	filled in	2007	filled in	2007	updated	Canis familiaris	unchanged		no	no	22563518	unchanged	
202	JF819605	AL_Asian_SEA2a	Asian SEA2a	CHN	China	-	-	-	2014	1353	16-Sep-14	16-Sep-14	Canis familiaris	25144604	CYN0811D	China	unchanged	-	unchanged	-	unchanged	-	unchanged	2014	unchanged	Canis familiaris	unchanged		no	no	25144604	unchanged	
203	JF819606	AL_Asian_SEA2a	Asian SEA2a	CHN	China	-	-	-	2014	1353	16-Sep-14	16-Sep-14	Homo sapiens	25144604	CYN0922H	China	unchanged	-	unchanged	-	unchanged	-	unchanged	2014	unchanged	Homo sapiens	unchanged		no	no	25144604	unchanged	
204	JF819607	AL_Asian_SEA2a	Asian SEA2a	CHN	China	-	-	-	2014	1353	16-Sep-14	16-Sep-14	Homo sapiens	25144604	CYN0920H	China	unchanged	-	unchanged	-	unchanged	-	unchanged	2014	unchanged	Homo sapiens	unchanged		no	no	25144604	unchanged	
205	JF819612	AL_Asian_SEA2a	Asian SEA2a	CHN	China	-	-	-	2014	1353	16-Sep-14	16-Sep-14	Homo sapiens	25144604	CYN0924H	China	unchanged	-	unchanged	-	unchanged	-	unchanged	2014	unchanged	Homo sapiens	unchanged		no	no	25144604	unchanged	
206	JF819613	AL_Asian_SEA2a	Asian SEA2a	CHN	China	-	-	-	2014	1353	16-Sep-14	16-Sep-14	Homo sapiens	25144604	CYN0921HT	China	unchanged	-	unchanged	-	unchanged	-	unchanged	2014	unchanged	Homo sapiens	unchanged		no	no	25144604	unchanged	
207	JF819614	AL_Asian_SEA2a	Asian SEA2a	CHN	China	-	-	-	2014	1353	16-Sep-14	16-Sep-14	Homo sapiens	25144604	CYN0921HN	China	unchanged	-	unchanged	-	unchanged	-	unchanged	2014	unchanged	Homo sapiens	unchanged		no	no	25144604	unchanged	
208	JF819615	AL_Asian_SEA2a	Asian SEA2a	CHN	China	-	-	-	2014	1353	16-Sep-14	16-Sep-14	Canis familiaris	25144604	CYN0814D	China	unchanged	-	unchanged	-	unchanged	-	unchanged	2014	unchanged	Canis familiaris	unchanged		no	no	25144604	unchanged	
209	JF819622	AL_Asian_SEA2a	Asian SEA2a	CHN	China	-	-	-	2014	1353	16-Sep-14	16-Sep-14	Canis familiaris	25144604	CYN1008D	China	unchanged	-	unchanged	-	unchanged	-	unchanged	2014	unchanged	Canis familiaris	unchanged		no	no	25144604	unchanged	
3	AB294349	AL_Asian_SEA2a	Asian SEA2a	CHN	China	-	-	-	2007	1022	02-May-07	23-Jul-16	-	-	CHpg2	China	unchanged	-	unchanged	-	unchanged	-	unchanged	2007	unchanged	Sus scrofa	filled in		no	no	-	unchanged	
4	AB294350	AL_Asian_SEA2a	Asian SEA2a	CHN	China	-	-	-	2007	1022	02-May-07	23-Jul-16	-	-	CHdg4	China	unchanged	-	unchanged	-	unchanged	-	unchanged	2007	unchanged	Canis familiaris	filled in		no	no	-	unchanged	
5	AB294351	AL_Asian_SEA2a	Asian SEA2a	CHN	China	-	-	-	2007	1022	02-May-07	23-Jul-16	-	-	CHdg5	China	unchanged	-	unchanged	-	unchanged	-	unchanged	2007	unchanged	Canis familiaris	filled in		no	no	-	unchanged	
6	AB294353	AL_Asian_SEA2a	Asian SEA2a	CHN	China	-	-	-	2007	1022	02-May-07	23-Jul-16	-	-	CHbv7	China	unchanged	-	unchanged	-	unchanged	-	unchanged	2007	unchanged	Bos taurus	filled in		no	no	-	unchanged	
7	AB294354	AL_Asian_SEA2a	Asian SEA2a	CHN	China	-	-	-	2007	1022	02-May-07	23-Jul-16	-	-	CHdg8	China	unchanged	-	unchanged	-	unchanged	-	unchanged	2007	unchanged	Canis familiaris	filled in		no	no	-	unchanged	
8	AB294355	AL_Asian_SEA2a	Asian SEA2a	CHN	China	-	-	-	2007	1022	02-May-07	23-Jul-16	-	-	CHbv9	China	unchanged	-	unchanged	-	unchanged	-	unchanged	2007	unchanged	Bos taurus	filled in		no	no	-	unchanged	
9	AB294356	AL_Asian_SEA2a	Asian SEA2a	CHN	China	-	-	-	2007	1022	02-May-07	23-Jul-16	-	-	CHdg10	China	unchanged	-	unchanged	-	unchanged	-	unchanged	2007	unchanged	Canis familiaris	filled in		no	no	-	unchanged	
24	AB428327	AL_Asian_SEA2a	Asian SEA2a	CHN	China	Guangxi	2005	2005	2005	894	02-Dec-09	02-Dec-09	-	-	CHpg3	China	unchanged	Guangxi	unchanged	2005	unchanged	2005	unchanged	2005	unchanged	Sus scrofa	filled in		no	no	-	unchanged	
25	AB428328	AL_Asian_SEA2a	Asian SEA2a	CHN	China	Guangxi	2005	2005	2005	894	02-Dec-09	02-Dec-09	-	-	CHdg5	China	unchanged	Guangxi	unchanged	2005	unchanged	2005	unchanged	2005	unchanged	Canis lupus familiaris	filled in		no	no	-	unchanged	
26	AB428329	AL_Asian_SEA2a	Asian SEA2a	CHN	China	Guangxi	2004	2004	2004	894	02-Dec-09	02-Dec-09	-	-	CHdg4	China	unchanged	Guangxi	unchanged	2004	unchanged	2004	unchanged	2004	unchanged	Canis lupus familiaris	filled in		no	no	-	unchanged	
27	AB428331	AL_Asian_SEA2a	Asian SEA2a	CHN	China	Guangxi	2003	2003	2003	894	02-Dec-09	02-Dec-09	-	-	CHdg8	China	unchanged	Guangxi	unchanged	2003	unchanged	2003	unchanged	2003	unchanged	Canis lupus familiaris	filled in		no	no	-	unchanged	
28	AB428332	AL_Asian_SEA2a	Asian SEA2a	CHN	China	Guangxi	2006	2006	2006	894	02-Dec-09	02-Dec-09	-	-	CHdg10	China	unchanged	Guangxi	unchanged	2006	unchanged	2006	unchanged	2006	unchanged	Canis lupus familiaris	filled in		no	no	-	unchanged	
29	AB428333	AL_Asian_SEA2a	Asian SEA2a	CHN	China	Guangxi	2004	2004	2004	894	02-Dec-09	02-Dec-09	-	-	CHbv7	China	unchanged	Guangxi	unchanged	2004	unchanged	2004	unchanged	2004	unchanged	Bos taurus	filled in		no	no	-	unchanged	
30	AB428334	AL_Asian_SEA2a	Asian SEA2a	CHN	China	Guangxi	2005	2005	2005	894	02-Dec-09	02-Dec-09	-	-	CHbv9	China	unchanged	Guangxi	unchanged	2005	unchanged	2005	unchanged	2005	unchanged	Bos taurus	filled in		no	no	-	unchanged	
52	DQ646874	AL_Asian_SEA2a	Asian SEA2a	CHN	China	-	-	-	2007	894	01-Jan-07	01-Jan-07	-	-	CTN	China	unchanged	-	unchanged	-	unchanged	-	unchanged	2007	unchanged	-	unchanged		yes	no	-	unchanged	Attenuated strain
170	HM582519	AL_Asian_SEA2a	Asian SEA2a	CHN	China	-	-	-	2014	894	13-Mar-14	13-Mar-14	Canis lupus familiaris	23294868	HN0504D	China	unchanged	Hunan	filled in	2005	filled in	2005	filled in	2005	updated	Canis lupus familiaris	unchanged		no	no	23294868	unchanged	
171	HM582520	AL_Asian_SEA2a	Asian SEA2a	CHN	China	-	-	-	2014	894	13-Mar-14	13-Mar-14	Canis lupus familiaris	23294868	HN0529D	China	unchanged	Hunan	filled in	2005	filled in	2005	filled in	2005	updated	Canis lupus familiaris	unchanged		no	no	23294868	unchanged	
172	HM582528	AL_Asian_SEA2a	Asian SEA2a	CHN	China	-	-	-	2014	894	13-Mar-14	13-Mar-14	Canis lupus familiaris	23294868	CGX0626D	China	unchanged	Guangxi	filled in	2006	filled in	2006	filled in	2006	updated	Canis lupus familiaris	unchanged		no	no	23294868	unchanged	
173	HM582530	AL_Asian_SEA2a	Asian SEA2a	CHN	China	-	-	-	2014	894	13-Mar-14	13-Mar-14	Canis lupus familiaris	23294868	CGZ0517D	China	unchanged	Guizhou	filled in	2005	filled in	2005	filled in	2005	updated	Canis lupus familiaris	unchanged		no	no	23294868	unchanged	
174	HM582531	AL_Asian_SEA2a	Asian SEA2a	CHN	China	-	-	-	2014	894	13-Mar-14	13-Mar-14	Canis lupus familiaris	23294868	CGZ0508D	China	unchanged	Guizhou	filled in	2005	filled in	2005	filled in	2005	updated	Canis lupus familiaris	unchanged		no	no	23294868	unchanged	
175	HM582532	AL_Asian_SEA2a	Asian SEA2a	CHN	China	-	-	-	2014	894	13-Mar-14	13-Mar-14	Canis lupus familiaris	23294868	CSH0420D	China	unchanged	Shanghai	filled in	2004	filled in	2004	filled in	2004	updated	Canis lupus familiaris	unchanged		no	no	23294868	unchanged	
176	HM582537	AL_Asian_SEA2a	Asian SEA2a	CHN	China	-	-	-	2014	894	13-Mar-14	13-Mar-14	Canis lupus familiaris	23294868	CGZ0513D	China	unchanged	Guizhou	filled in	2005	filled in	2005	filled in	2005	updated	Canis lupus familiaris	unchanged		no	no	23294868	unchanged	
177	HM582538	AL_Asian_SEA2a	Asian SEA2a	CHN	China	-	-	-	2014	894	13-Mar-14	13-Mar-14	Canis lupus familiaris	23294868	CGX0516D	China	unchanged	Guangxi	filled in	2005	filled in	2005	filled in	2005	updated	Canis lupus familiaris	unchanged		no	no	23294868	unchanged	
178	HM582540	AL_Asian_SEA2a	Asian SEA2a	CHN	China	-	-	-	2014	894	13-Mar-14	13-Mar-14	Canis lupus familiaris	23294868	CGZ0509D	China	unchanged	Guizhou	filled in	2005	filled in	2005	filled in	2005	updated	Canis lupus familiaris	unchanged		no	no	23294868	unchanged	
179	HM582541	AL_Asian_SEA2a	Asian SEA2a	CHN	China	-	-	-	2014	894	13-Mar-14	13-Mar-14	Canis lupus familiaris	23294868	CGZ0510D	China	unchanged	Guizhou	filled in	2005	filled in	2005	filled in	2005	updated	Canis lupus familiaris	unchanged		no	no	23294868	unchanged	
180	HM582542	AL_Asian_SEA2a	Asian SEA2a	CHN	China	-	-	-	2014	894	13-Mar-14	13-Mar-14	Canis lupus familiaris	23294868	CHN0530D	China	unchanged	Hunan	filled in	2005	filled in	2005	filled in	2005	updated	Canis lupus familiaris	unchanged		no	no	23294868	unchanged	
181	HM582543	AL_Asian_SEA2a	Asian SEA2a	CHN	China	-	-	-	2014	894	13-Mar-14	13-Mar-14	Canis lupus familiaris	23294868	CGX0619D	China	unchanged	Guangxi	filled in	2006	filled in	2006	filled in	2006	updated	Canis lupus familiaris	unchanged		no	no	23294868	unchanged	
182	HM582547	AL_Asian_SEA2a	Asian SEA2a	CHN	China	-	-	-	2014	894	13-Mar-14	13-Mar-14	Canis lupus familiaris	23294868	CGX0524D	China	unchanged	Guangxi	filled in	2005	filled in	2005	filled in	2005	updated	Canis lupus familiaris	unchanged		no	no	23294868	unchanged	
183	HM582552	AL_Asian_SEA2a	Asian SEA2a	CHN	China	-	-	-	2014	894	13-Mar-14	13-Mar-14	Canis lupus familiaris	23294868	CGZ0515D	China	unchanged	Guizhou	filled in	2005	filled in	2005	filled in	2005	updated	Canis lupus familiaris	unchanged		no	no	23294868	unchanged	
184	HM582553	AL_Asian_SEA2a	Asian SEA2a	CHN	China	-	-	-	2014	894	13-Mar-14	13-Mar-14	Canis lupus familiaris	23294868	CSH0325D	China	unchanged	Shanghai	filled in	2003	filled in	2003	filled in	2003	updated	Canis lupus familiaris	unchanged		no	no	23294868	unchanged	
185	HM582554	AL_Asian_SEA2a	Asian SEA2a	CHN	China	-	-	-	2014	894	13-Mar-14	13-Mar-14	Canis lupus familiaris	23294868	CSH0417D	China	unchanged	Shanghai	filled in	2004	filled in	2004	filled in	2004	updated	Canis lupus familiaris	unchanged		no	no	23294868	unchanged	
186	HM582555	AL_Asian_SEA2a	Asian SEA2a	CHN	China	-	-	-	2014	894	13-Mar-14	13-Mar-14	Canis lupus familiaris	23294868	CSH0415D	China	unchanged	Shanghai	filled in	2004	filled in	2004	filled in	2004	updated	Canis lupus familiaris	unchanged		no	no	23294868	unchanged	
187	HM582556	AL_Asian_SEA2a	Asian SEA2a	CHN	China	-	-	-	2014	894	13-Mar-14	13-Mar-14	Canis lupus familiaris	23294868	CSH0331D	China	unchanged	Shanghai	filled in	2003	filled in	2003	filled in	2003	updated	Canis lupus familiaris	unchanged		no	no	23294868	unchanged	
188	HM582568	AL_Asian_SEA2a	Asian SEA2a	CHN	China	-	-	-	2014	894	13-Mar-14	13-Mar-14	Canis lupus familiaris	23294868	CZJ0803D	China	unchanged	Zhejiang	filled in	2008	filled in	2008	filled in	2008	updated	Canis lupus familiaris	unchanged		no	no	23294868	unchanged	
189	HM582570	AL_Asian_SEA2a	Asian SEA2a	CHN	China	-	-	-	2014	894	13-Mar-14	13-Mar-14	Canis lupus familiaris	23294868	CZJ0807D	China	unchanged	Zhejiang	filled in	2008	filled in	2008	filled in	2008	updated	Canis lupus familiaris	unchanged		no	no	23294868	unchanged	
190	HM582571	AL_Asian_SEA2a	Asian SEA2a	CHN	China	-	-	-	2014	894	13-Mar-14	13-Mar-14	Canis lupus familiaris	23294868	CGX0605D	China	unchanged	Guangxi	filled in	2006	filled in	2006	filled in	2006	updated	Canis lupus familiaris	unchanged		no	no	23294868	unchanged	
191	HM582572	AL_Asian_SEA2a	Asian SEA2a	CHN	China	-	-	-	2014	894	13-Mar-14	13-Mar-14	Canis lupus familiaris	23294868	CGZ0621D	China	unchanged	Guizhou	filled in	2008	filled in	2008	filled in	2008	updated	Canis lupus familiaris	unchanged		no	no	23294868	unchanged	
192	HM582580	AL_Asian_SEA2a	Asian SEA2a	CHN	China	-	-	-	2014	894	13-Mar-14	13-Mar-14	Canis lupus familiaris	23294868	CGZ0501D	China	unchanged	Guizhou	filled in	2005	filled in	2005	filled in	2005	updated	Canis lupus familiaris	unchanged		no	no	23294868	unchanged	
193	HM582582	AL_Asian_SEA2a	Asian SEA2a	CHN	China	-	-	-	2014	894	13-Mar-14	13-Mar-14	Canis lupus familiaris	23294868	CHN0527D	China	unchanged	Hunan	filled in	2005	filled in	2005	filled in	2005	updated	Canis lupus familiaris	unchanged		no	no	23294868	unchanged	
194	HM582584	AL_Asian_SEA2a	Asian SEA2a	CHN	China	-	-	-	2014	894	13-Mar-14	13-Mar-14	Canis lupus familiaris	23294868	CSH0416D	China	unchanged	Shanghai	filled in	2004	filled in	2004	filled in	2004	updated	Canis lupus familiaris	unchanged		no	no	23294868	unchanged	
195	HM582588	AL_Asian_SEA2a	Asian SEA2a	CHN	China	-	-	-	2014	894	13-Mar-14	13-Mar-14	Canis lupus familiaris	23294868	CGX0801D	China	unchanged	Guangxi	filled in	2008	filled in	2008	filled in	2008	updated	Canis lupus familiaris	unchanged		no	no	23294868	unchanged	
196	HM582589	AL_Asian_SEA2a	Asian SEA2a	CHN	China	-	-	-	2014	894	13-Mar-14	13-Mar-14	Canis lupus familiaris	23294868	CGX0802D	China	unchanged	Guangxi	filled in	2008	filled in	2008	filled in	2008	updated	Canis lupus familiaris	unchanged		no	no	23294868	unchanged	
197	HM582592	AL_Asian_SEA2a	Asian SEA2a	CHN	China	-	-	-	2014	894	13-Mar-14	13-Mar-14	Canis lupus familiaris	23294868	CGX0805D	China	unchanged	Guangxi	filled in	2008	filled in	2008	filled in	2008	updated	Canis lupus familiaris	unchanged		no	no	23294868	unchanged	
198	HM582593	AL_Asian_SEA2a	Asian SEA2a	CHN	China	-	-	-	2014	894	13-Mar-14	13-Mar-14	Canis lupus familiaris	23294868	CGX0806D	China	unchanged	Guangxi	filled in	2008	filled in	2008	filled in	2008	updated	Canis lupus familiaris	unchanged		no	no	23294868	unchanged	
199	HM582594	AL_Asian_SEA2a	Asian SEA2a	CHN	China	-	-	-	2014	894	13-Mar-14	13-Mar-14	Canis lupus familiaris	23294868	CGX0807D	China	unchanged	Guangxi	filled in	2008	filled in	2008	filled in	2008	updated	Canis lupus familiaris	unchanged		no	no	23294868	unchanged	
200	HM582595	AL_Asian_SEA2a	Asian SEA2a	CHN	China	-	-	-	2014	894	13-Mar-14	13-Mar-14	Canis lupus familiaris	23294868	CGX0809D	China	unchanged	Guangxi	filled in	2008	filled in	2008	filled in	2008	updated	Canis lupus familiaris	unchanged		no	no	23294868	unchanged	
99	EF990568	AL_Asian_SEA2a	Asian SEA2a	CHN	China	-	-	-	2008	720	01-Mar-08	26-Jul-16	Canis familiaris	19751579	CGZ0506D	China	unchanged	-	unchanged	-	unchanged	2005	filled in	2007	updated	Canis familiaris	unchanged		no	no	19751579	unchanged	Guizhou, Guangxi or Hunan, 2005-2007
100	EF990571	AL_Asian_SEA2a	Asian SEA2a	CHN	China	-	-	-	2008	720	01-Mar-08	26-Jul-16	Canis familiaris	19751579	CGZ0512D	China	unchanged	-	unchanged	-	unchanged	2005	filled in	2007	updated	Canis familiaris	unchanged		no	no	19751579	unchanged	Guizhou, Guangxi or Hunan, 2005-2008
101	EF990573	AL_Asian_SEA2a	Asian SEA2a	CHN	China	-	-	-	2008	720	01-Mar-08	26-Jul-16	Canis familiaris	19751579	CGZ0514D	China	unchanged	-	unchanged	-	unchanged	2005	filled in	2007	updated	Canis familiaris	unchanged		no	no	19751579	unchanged	Guizhou, Guangxi or Hunan, 2005-2009
102	EF990575	AL_Asian_SEA2a	Asian SEA2a	CHN	China	-	-	-	2008	720	01-Mar-08	26-Jul-16	Canis familiaris	19751579	CGZ0516D	China	unchanged	-	unchanged	-	unchanged	2005	filled in	2007	updated	Canis familiaris	unchanged		no	no	19751579	unchanged	Guizhou, Guangxi or Hunan, 2005-2010
103	EF990578	AL_Asian_SEA2a	Asian SEA2a	CHN	China	-	-	-	2008	720	01-Mar-08	26-Jul-16	Canis familiaris	19751579	CGX0601D	China	unchanged	-	unchanged	-	unchanged	2005	filled in	2007	updated	Canis familiaris	unchanged		no	no	19751579	unchanged	Guizhou, Guangxi or Hunan, 2005-2011
104	EF990580	AL_Asian_SEA2a	Asian SEA2a	CHN	China	-	-	-	2008	720	01-Mar-08	26-Jul-16	Canis familiaris	19751579	CGX0603D	China	unchanged	-	unchanged	-	unchanged	2005	filled in	2007	updated	Canis familiaris	unchanged		no	no	19751579	unchanged	Guizhou, Guangxi or Hunan, 2005-2012
105	EF990586	AL_Asian_SEA2a	Asian SEA2a	CHN	China	-	-	-	2008	720	01-Mar-08	26-Jul-16	Canis familiaris	19751579	CGX0511D	China	unchanged	-	unchanged	-	unchanged	2005	filled in	2007	updated	Canis familiaris	unchanged		no	no	19751579	unchanged	Guizhou, Guangxi or Hunan, 2005-2013
106	EF990589	AL_Asian_SEA2a	Asian SEA2a	CHN	China	-	-	-	2008	720	01-Mar-08	26-Jul-16	Canis familiaris	19751579	CGX0614D	China	unchanged	-	unchanged	-	unchanged	2005	filled in	2007	updated	Canis familiaris	unchanged		no	no	19751579	unchanged	Guizhou, Guangxi or Hunan, 2005-2014
107	EF990590	AL_Asian_SEA2a	Asian SEA2a	CHN	China	-	-	-	2008	720	01-Mar-08	26-Jul-16	Canis familiaris	19751579	CGX0615D	China	unchanged	-	unchanged	-	unchanged	2005	filled in	2007	updated	Canis familiaris	unchanged		no	no	19751579	unchanged	Guizhou, Guangxi or Hunan, 2005-2015
108	EF990595	AL_Asian_SEA2a	Asian SEA2a	CHN	China	-	-	-	2008	720	01-Mar-08	26-Jul-16	Canis familiaris	19751579	CGX0521D	China	unchanged	-	unchanged	-	unchanged	2005	filled in	2007	updated	Canis familiaris	unchanged		no	no	19751579	unchanged	Guizhou, Guangxi or Hunan, 2005-2016
109	EF990597	AL_Asian_SEA2a	Asian SEA2a	CHN	China	-	-	-	2008	720	01-Mar-08	26-Jul-16	Canis familiaris	19751579	CGX0523D	China	unchanged	-	unchanged	-	unchanged	2005	filled in	2007	updated	Canis familiaris	unchanged		no	no	19751579	unchanged	Guizhou, Guangxi or Hunan, 2005-2017
110	EF990598	AL_Asian_SEA2a	Asian SEA2a	CHN	China	-	-	-	2008	720	01-Mar-08	26-Jul-16	Canis familiaris	19751579	CGX0625D	China	unchanged	-	unchanged	-	unchanged	2005	filled in	2007	updated	Canis familiaris	unchanged		no	no	19751579	unchanged	Guizhou, Guangxi or Hunan, 2005-2018
111	EF990619	AL_Asian_SEA2a	Asian SEA2a	CHN	China	-	-	-	2008	720	01-Mar-08	26-Jul-16	Canis familiaris	19751579	CHN0633D	China	unchanged	-	unchanged	-	unchanged	2005	filled in	2007	updated	Canis familiaris	unchanged		no	no	19751579	unchanged	Guizhou, Guangxi or Hunan, 2005-2019
112	EF990620	AL_Asian_SEA2a	Asian SEA2a	CHN	China	-	-	-	2008	720	01-Mar-08	26-Jul-16	Homo sapiens	19751579	CHN0610H	China	unchanged	-	unchanged	-	unchanged	2005	filled in	2007	updated	Homo sapiens	unchanged		no	no	19751579	unchanged	Guizhou, Guangxi or Hunan, 2005-2020
113	EF990621	AL_Asian_SEA2a	Asian SEA2a	CHN	China	-	-	-	2008	720	01-Mar-08	26-Jul-16	Homo sapiens	19751579	CHN0635H	China	unchanged	-	unchanged	-	unchanged	2005	filled in	2007	updated	Homo sapiens	unchanged		no	no	19751579	unchanged	Guizhou, Guangxi or Hunan, 2005-2021
114	EF990622	AL_Asian_SEA2a	Asian SEA2a	CHN	China	-	-	-	2008	720	01-Mar-08	26-Jul-16	Canis familiaris	19751579	CHN0642D	China	unchanged	-	unchanged	-	unchanged	2005	filled in	2007	updated	Canis familiaris	unchanged		no	no	19751579	unchanged	Guizhou, Guangxi or Hunan, 2005-2022
145	HM486390	AL_Asian_SEA2a	Asian SEA2a	CHN	China	-	-	-	2012	720	12-May-12	12-May-12	Canis familiaris	22563518	CSH0410D	China	unchanged	-	unchanged	-	unchanged	-	unchanged	2012	unchanged	Canis familiaris	unchanged		no	no	22563518	unchanged	
146	HM486391	AL_Asian_SEA2a	Asian SEA2a	CHN	China	-	-	-	2012	720	12-May-12	12-May-12	Canis familiaris	22563518	CSH0413D	China	unchanged	Shanghai	filled in	2004	filled in	2004	filled in	2004	updated	Canis familiaris	unchanged		no	no	22563518	unchanged	
147	HM486392	AL_Asian_SEA2a	Asian SEA2a	CHN	China	-	-	-	2012	720	12-May-12	12-May-12	Canis familiaris	22563518	CSH0415D	China	unchanged	Shanghai	filled in	2004	filled in	2004	filled in	2004	updated	Canis familiaris	unchanged		no	no	22563518	unchanged	
148	HM486393	AL_Asian_SEA2a	Asian SEA2a	CHN	China	-	-	-	2012	720	12-May-12	12-May-12	Canis familiaris	22563518	CSH0416D	China	unchanged	Shanghai	filled in	2004	filled in	2004	filled in	2004	updated	Canis familiaris	unchanged		no	no	22563518	unchanged	
149	HM486394	AL_Asian_SEA2a	Asian SEA2a	CHN	China	-	-	-	2012	720	12-May-12	12-May-12	Canis familiaris	22563518	CSH0418D	China	unchanged	Shanghai	filled in	2004	filled in	2004	filled in	2004	updated	Canis familiaris	unchanged		no	no	22563518	unchanged	
150	HM486395	AL_Asian_SEA2a	Asian SEA2a	CHN	China	-	-	-	2012	720	12-May-12	12-May-12	Canis familiaris	22563518	CSH0322D	China	unchanged	-	unchanged	-	unchanged	-	unchanged	2012	unchanged	Canis familiaris	unchanged		no	no	22563518	unchanged	
151	HM486396	AL_Asian_SEA2a	Asian SEA2a	CHN	China	-	-	-	2012	720	12-May-12	12-May-12	Canis familiaris	22563518	CSH0326D	China	unchanged	Shanghai	filled in	2003	filled in	2003	filled in	2003	updated	Canis familiaris	unchanged		no	no	22563518	unchanged	
152	HM486397	AL_Asian_SEA2a	Asian SEA2a	CHN	China	-	-	-	2012	720	12-May-12	12-May-12	Canis familiaris	22563518	CSH0327D	China	unchanged	Shanghai	filled in	2003	filled in	2003	filled in	2003	updated	Canis familiaris	unchanged		no	no	22563518	unchanged	
153	HM486399	AL_Asian_SEA2a	Asian SEA2a	CHN	China	-	-	-	2012	720	12-May-12	12-May-12	Canis familiaris	22563518	CSH0329D	China	unchanged	Shanghai	filled in	2003	filled in	2003	filled in	2003	updated	Canis familiaris	unchanged		no	no	22563518	unchanged	
154	HM486400	AL_Asian_SEA2a	Asian SEA2a	CHN	China	-	-	-	2012	720	12-May-12	12-May-12	Canis familiaris	22563518	CSH0330D	China	unchanged	Shanghai	filled in	2003	filled in	2003	filled in	2003	updated	Canis familiaris	unchanged		no	no	22563518	unchanged	
201	HM748954	AL_Asian_SEA2a	Asian SEA2a	CHN	China	-	-	-	2012	720	10-Jul-12	10-Jul-12	Canis familiaris	22563518	SH14	China	unchanged	Shanghai	filled in	2004	filled in	2004	filled in	2004	updated	Canis familiaris	unchanged		no	no	22563518	unchanged	
120	EU682942	AL_Asian_SEA2a	Asian SEA2a	CHN	China	Hunan province	-	-	2009	688	30-Apr-09	26-Jul-16	Canis lupus familiaris	-	CHN33	China	unchanged	Hunan province	unchanged	-	unchanged	-	unchanged	2009	unchanged	Canis lupus familiaris	unchanged		no	no	-	unchanged	
121	EU682943	AL_Asian_SEA2a	Asian SEA2a	CHN	China	Hunan province	-	-	2009	688	30-Apr-09	26-Jul-16	Canis lupus familiaris	-	CHN34	China	unchanged	Hunan province	unchanged	-	unchanged	-	unchanged	2009	unchanged	Canis lupus familiaris	unchanged		no	no	-	unchanged	
17	AB428318	AL_Asian_SEA2a	Asian SEA2a	CHN	China	Guangxi	2005	2005	2005	609	02-Dec-09	02-Dec-09	-	-	CHpg3	China	unchanged	Guangxi	unchanged	2005	unchanged	2005	unchanged	2005	unchanged	Sus scrofa	filled in		no	no	-	unchanged	Says isolation source pig brain
18	AB428319	AL_Asian_SEA2a	Asian SEA2a	CHN	China	Guangxi	2005	2005	2005	609	02-Dec-09	02-Dec-09	-	-	CHdg4	China	unchanged	Guangxi	unchanged	2005	unchanged	2005	unchanged	2005	unchanged	Canis lupus familiaris	filled in		no	no	-	unchanged	Says isolation source dog brain
19	AB428320	AL_Asian_SEA2a	Asian SEA2a	CHN	China	Guangxi	2005	2005	2005	609	02-Dec-09	02-Dec-09	-	-	CHdg5	China	unchanged	Guangxi	unchanged	2005	unchanged	2005	unchanged	2005	unchanged	Canis lupus familiaris	filled in		no	no	-	unchanged	
20	AB428322	AL_Asian_SEA2a	Asian SEA2a	CHN	China	Guangxi	2004	2004	2004	609	02-Dec-09	02-Dec-09	-	-	CHbv7	China	unchanged	Guangxi	unchanged	2004	unchanged	2004	unchanged	2004	unchanged	Bos taurus	filled in		no	no	-	unchanged	
21	AB428323	AL_Asian_SEA2a	Asian SEA2a	CHN	China	Guangxi	2005	2005	2005	609	02-Dec-09	02-Dec-09	-	-	CHbv9	China	unchanged	Guangxi	unchanged	2005	unchanged	2005	unchanged	2005	unchanged	Bos taurus	filled in		no	no	-	unchanged	
22	AB428324	AL_Asian_SEA2a	Asian SEA2a	CHN	China	Guangxi	2003	2003	2003	609	02-Dec-09	02-Dec-09	-	-	CHdg8	China	unchanged	Guangxi	unchanged	2003	unchanged	2003	unchanged	2003	unchanged	Canis lupus familiaris	filled in		no	no	-	unchanged	
23	AB428325	AL_Asian_SEA2a	Asian SEA2a	CHN	China	Guangxi	2006	2006	2006	609	02-Dec-09	02-Dec-09	-	-	CHdg10	China	unchanged	Guangxi	unchanged	2006	unchanged	2006	unchanged	2006	unchanged	Canis lupus familiaris	filled in		no	no	-	unchanged	
31	AB505883	AL_Asian_SEA2a	Asian SEA2a	CHN	China	Guangxi	2007	2007	2007	609	02-Dec-09	02-Dec-09	-	-	CHdg12	China	unchanged	Guangxi	unchanged	2007	unchanged	2007	unchanged	2007	unchanged	Canis lupus familiaris	filled in		no	no	-	unchanged	
32	AB505884	AL_Asian_SEA2a	Asian SEA2a	CHN	China	Guangxi	2007	2007	2007	609	02-Dec-09	02-Dec-09	-	-	CHdg13	China	unchanged	Guangxi	unchanged	2007	unchanged	2007	unchanged	2007	unchanged	Canis lupus familiaris	filled in		no	no	-	unchanged	
33	AB505885	AL_Asian_SEA2a	Asian SEA2a	CHN	China	Guangxi	2007	2007	2007	609	02-Dec-09	02-Dec-09	-	-	CHdg14	China	unchanged	Guangxi	unchanged	2007	unchanged	2007	unchanged	2007	unchanged	Canis lupus familiaris	filled in		no	no	-	unchanged	
34	AB505889	AL_Asian_SEA2a	Asian SEA2a	CHN	China	Guangxi	2007	2007	2007	609	02-Dec-09	02-Dec-09	-	-	CHdg19	China	unchanged	Guangxi	unchanged	2007	unchanged	2007	unchanged	2007	unchanged	Canis lupus familiaris	filled in		no	no	-	unchanged	
49	DQ490076	AL_Asian_SEA2a	Asian SEA2a	CHN	China	-	-	-	2007	609	01-Jan-07	03-Jan-07	Homo sapiens	-	CTN	China	unchanged	-	unchanged	-	unchanged	-	unchanged	2007	unchanged	Homo sapiens	unchanged		yes	no	-	unchanged	Attenuated virus strain
155	HM582456	AL_Asian_SEA2a	Asian SEA2a	CHN	China	-	-	-	2014	609	28-Jan-14	28-Jan-14	Canis lupus familiaris	23453987	CGX0615D	China	unchanged	Nanning	filled in	2006	filled in	2006	filled in	2006	updated	Canis lupus familiaris	unchanged		no	no	23453987	unchanged	
156	HM582479	AL_Asian_SEA2a	Asian SEA2a	CHN	China	-	-	-	2014	609	28-Jan-14	28-Jan-14	Canis lupus familiaris	23453987	CSH0323D	China	unchanged	Jiading	filled in	2003	filled in	2003	filled in	2003	updated	Canis lupus familiaris	unchanged		no	no	23453987	unchanged	
157	HM582488	AL_Asian_SEA2a	Asian SEA2a	CHN	China	-	-	-	2014	609	28-Jan-14	28-Jan-14	Canis lupus familiaris	23453987	CGX0618D	China	unchanged	Guigang	filled in	2006	filled in	2006	filled in	2006	updated	Canis lupus familiaris	unchanged		no	no	23453987	unchanged	
158	HM582489	AL_Asian_SEA2a	Asian SEA2a	CHN	China	-	-	-	2014	609	28-Jan-14	28-Jan-14	Canis lupus familiaris	23453987	CHN0530D	China	unchanged	Xiangxiang	filled in	2005	filled in	2005	filled in	2005	updated	Canis lupus familiaris	unchanged		no	no	23453987	unchanged	
159	HM582491	AL_Asian_SEA2a	Asian SEA2a	CHN	China	-	-	-	2014	609	28-Jan-14	28-Jan-14	Canis lupus familiaris	23453987	CGX0618D	China	unchanged	Qianxinan	filled in	2005	filled in	2005	filled in	2005	updated	Canis lupus familiaris	unchanged		no	no	23453987	unchanged	
160	HM582492	AL_Asian_SEA2a	Asian SEA2a	CHN	China	-	-	-	2014	609	28-Jan-14	28-Jan-14	Canis lupus familiaris	23453987	CHN0527D	China	unchanged	Xiangleng	filled in	2005	filled in	2005	filled in	2005	updated	Canis lupus familiaris	unchanged		no	no	23453987	unchanged	
161	HM582493	AL_Asian_SEA2a	Asian SEA2a	CHN	China	-	-	-	2014	609	28-Jan-14	28-Jan-14	Canis lupus familiaris	23453987	CHN0529D	China	unchanged	Xiangxiang	filled in	2005	filled in	2005	filled in	2005	updated	Canis lupus familiaris	unchanged		no	no	23453987	unchanged	
162	HM582501	AL_Asian_SEA2a	Asian SEA2a	CHN	China	-	-	-	2014	609	28-Jan-14	28-Jan-14	Canis lupus familiaris	23453987	CGZ0506D	China	unchanged	Qianxinan	filled in	2005	filled in	2005	filled in	2005	updated	Canis lupus familiaris	unchanged		no	no	23453987	unchanged	
163	HM582502	AL_Asian_SEA2a	Asian SEA2a	CHN	China	-	-	-	2014	609	28-Jan-14	28-Jan-14	Canis lupus familiaris	23453987	CGZ0620D	China	unchanged	Qianxinan	filled in	2006	filled in	2006	filled in	2006	updated	Canis lupus familiaris	unchanged		no	no	23453987	unchanged	
164	HM582503	AL_Asian_SEA2a	Asian SEA2a	CHN	China	-	-	-	2014	609	28-Jan-14	28-Jan-14	Canis lupus familiaris	23453987	CGX0619D	China	unchanged	Laishi	filled in	2006	filled in	2006	filled in	2006	updated	Canis lupus familiaris	unchanged		no	no	23453987	unchanged	
165	HM582507	AL_Asian_SEA2a	Asian SEA2a	CHN	China	-	-	-	2014	609	28-Jan-14	28-Jan-14	Canis lupus familiaris	23453987	CGX0605D	China	unchanged	Lubin	filled in	2006	filled in	2006	filled in	2006	updated	Canis lupus familiaris	unchanged		no	no	23453987	unchanged	
166	HM582510	AL_Asian_SEA2a	Asian SEA2a	CHN	China	-	-	-	2014	609	28-Jan-14	28-Jan-14	Canis lupus familiaris	23453987	CGX0807D	China	unchanged	Guilin	filled in	2008	filled in	2008	filled in	2008	updated	Canis lupus familiaris	unchanged		no	no	23453987	unchanged	
167	HM582511	AL_Asian_SEA2a	Asian SEA2a	CHN	China	-	-	-	2014	609	28-Jan-14	28-Jan-14	Canis lupus familiaris	23453987	CGX0808D	China	unchanged	Guilin	filled in	2008	filled in	2008	filled in	2008	updated	Canis lupus familiaris	unchanged		no	no	23453987	unchanged	
168	HM582512	AL_Asian_SEA2a	Asian SEA2a	CHN	China	-	-	-	2014	609	28-Jan-14	28-Jan-14	Canis lupus familiaris	23453987	CGX0802D	China	unchanged	Guilin	filled in	2008	filled in	2008	filled in	2008	updated	Canis lupus familiaris	unchanged		no	no	23453987	unchanged	
169	HM582513	AL_Asian_SEA2a	Asian SEA2a	CHN	China	-	-	-	2014	609	28-Jan-14	28-Jan-14	Canis lupus familiaris	23453987	CGX0701D	China	unchanged	Laibin	filled in	2007	filled in	2007	filled in	2007	updated	Canis lupus familiaris	unchanged		no	no	23453987	unchanged	
210	JF819625	AL_Asian_SEA2a	Asian SEA2a	CHN	China	-	-	-	2016	609	30-Dec-16	30-Dec-16	Canis familiaris	-	CYN0814D	China	unchanged	-	unchanged	-	unchanged	-	unchanged	2016	unchanged	Canis familiaris	unchanged		no	no	-	unchanged	
211	JF819626	AL_Asian_SEA2a	Asian SEA2a	CHN	China	-	-	-	2016	609	30-Dec-16	30-Dec-16	Canis familiaris	-	CYN0815D	China	unchanged	-	unchanged	-	unchanged	-	unchanged	2016	unchanged	Canis familiaris	unchanged		no	no	-	unchanged	
212	JF819627	AL_Asian_SEA2a	Asian SEA2a	CHN	China	-	-	-	2016	609	30-Dec-16	30-Dec-16	Canis familiaris	-	CYN0817D	China	unchanged	-	unchanged	-	unchanged	-	unchanged	2016	unchanged	Canis familiaris	unchanged		no	no	-	unchanged	
213	JF819628	AL_Asian_SEA2a	Asian SEA2a	CHN	China	-	-	-	2016	609	30-Dec-16	30-Dec-16	Canis familiaris	-	CYN0818D	China	unchanged	-	unchanged	-	unchanged	-	unchanged	2016	unchanged	Canis familiaris	unchanged		no	no	-	unchanged	
214	JF819629	AL_Asian_SEA2a	Asian SEA2a	CHN	China	-	-	-	2016	609	30-Dec-16	30-Dec-16	Canis familiaris	-	CYN0813D	China	unchanged	-	unchanged	-	unchanged	-	unchanged	2016	unchanged	Canis familiaris	unchanged		no	no	-	unchanged	
215	JF819630	AL_Asian_SEA2a	Asian SEA2a	CHN	China	-	-	-	2016	609	30-Dec-16	30-Dec-16	Canis familiaris	-	CYN0810D	China	unchanged	-	unchanged	-	unchanged	-	unchanged	2016	unchanged	Canis familiaris	unchanged		no	no	-	unchanged	
216	JF819631	AL_Asian_SEA2a	Asian SEA2a	CHN	China	-	-	-	2016	609	30-Dec-16	30-Dec-16	Canis familiaris	-	CYN0811D	China	unchanged	-	unchanged	-	unchanged	-	unchanged	2016	unchanged	Canis familiaris	unchanged		no	no	-	unchanged	
217	JF819632	AL_Asian_SEA2a	Asian SEA2a	CHN	China	-	-	-	2016	609	30-Dec-16	30-Dec-16	Canis familiaris	-	CYN0812D	China	unchanged	-	unchanged	-	unchanged	-	unchanged	2016	unchanged	Canis familiaris	unchanged		no	no	-	unchanged	
218	JF819633	AL_Asian_SEA2a	Asian SEA2a	CHN	China	-	-	-	2016	609	30-Dec-16	30-Dec-16	Homo sapiens	-	CYN0921HN	China	unchanged	-	unchanged	-	unchanged	-	unchanged	2016	unchanged	Homo sapiens	unchanged		no	no	-	unchanged	
219	JF819634	AL_Asian_SEA2a	Asian SEA2a	CHN	China	-	-	-	2016	609	30-Dec-16	30-Dec-16	Homo sapiens	-	CYN0921HT	China	unchanged	-	unchanged	-	unchanged	-	unchanged	2016	unchanged	Homo sapiens	unchanged		no	no	-	unchanged	
220	JF819636	AL_Asian_SEA2a	Asian SEA2a	CHN	China	-	-	-	2016	609	30-Dec-16	30-Dec-16	Homo sapiens	-	CYN0923H	China	unchanged	-	unchanged	-	unchanged	-	unchanged	2016	unchanged	Homo sapiens	unchanged		no	no	-	unchanged	
221	JF819637	AL_Asian_SEA2a	Asian SEA2a	CHN	China	-	-	-	2016	609	30-Dec-16	30-Dec-16	Homo sapiens	-	CYN0920H	China	unchanged	-	unchanged	-	unchanged	-	unchanged	2016	unchanged	Homo sapiens	unchanged		no	no	-	unchanged	
222	JF819640	AL_Asian_SEA2a	Asian SEA2a	CHN	China	-	-	-	2016	609	30-Dec-16	30-Dec-16	Canis familiaris	-	CYN0816D	China	unchanged	-	unchanged	-	unchanged	-	unchanged	2016	unchanged	Canis familiaris	unchanged		no	no	-	unchanged	
71	DQ866082	AL_Asian_SEA2a	Asian SEA2a	CHN	China	Guangxi	-	-	2006	455	05-Aug-06	14-Jul-16	Canis familiaris	17588806	GXGG	China	unchanged	Guigang	updated	2005	filled in	2005	filled in	2005	updated	Canis familiaris	unchanged		no	no	17588806	unchanged	
72	DQ866083	AL_Asian_SEA2a	Asian SEA2a	CHN	China	Guangxi	-	-	2006	455	05-Aug-06	14-Jul-16	Canis familiaris	17588806	GXGL	China	unchanged	Guilin	updated	2004	filled in	2004	filled in	2004	updated	Bos taurus	updated		no	no	17588806	unchanged	
73	DQ866084	AL_Asian_SEA2a	Asian SEA2a	CHN	China	Guangxi	-	-	2006	455	05-Aug-06	14-Jul-16	Canis familiaris	17588806	GXNniu	China	unchanged	Nanning	updated	2005	filled in	2005	filled in	2005	updated	Bos taurus	updated		no	no	17588806	unchanged	
74	DQ866087	AL_Asian_SEA2a	Asian SEA2a	CHN	China	Guangxi	-	-	2006	455	05-Aug-06	14-Jul-16	Canis familiaris	17588806	GX019	China	unchanged	Beihai	updated	2005	filled in	2005	filled in	2005	updated	Canis familiaris	unchanged		no	no	17588806	unchanged	
75	DQ866090	AL_Asian_SEA2a	Asian SEA2a	CHN	China	Guangxi	-	-	2006	455	05-Aug-06	14-Jul-16	Canis familiaris	17588806	GX123	China	unchanged	Yulin	updated	2003	filled in	2003	filled in	2003	updated	Canis familiaris	unchanged		no	no	17588806	unchanged	
76	DQ866091	AL_Asian_SEA2a	Asian SEA2a	CHN	China	Guangxi	-	-	2006	455	05-Aug-06	14-Jul-16	Canis familiaris	17588806	GX173	China	unchanged	Nanning	updated	2003	filled in	2003	filled in	2003	updated	Canis familiaris	unchanged		no	no	17588806	unchanged	
77	DQ866092	AL_Asian_SEA2a	Asian SEA2a	CHN	China	Guangxi	-	-	2006	455	05-Aug-06	14-Jul-16	Canis familiaris	17588806	GX174	China	unchanged	Nanning	updated	2003	filled in	2003	filled in	2003	updated	Canis familiaris	unchanged		no	no	17588806	unchanged	
78	DQ866096	AL_Asian_SEA2a	Asian SEA2a	CHN	China	Guangxi	-	-	2006	455	05-Aug-06	14-Jul-16	Canis familiaris	17588806	GX443	China	unchanged	Nanning	updated	2005	filled in	2005	filled in	2005	updated	Sus scrofa	updated		no	no	17588806	unchanged	
79	DQ866097	AL_Asian_SEA2a	Asian SEA2a	CHN	China	Guangxi	-	-	2006	455	05-Aug-06	14-Jul-16	Canis familiaris	17588806	GX452	China	unchanged	Hezhou	updated	2005	filled in	2005	filled in	2005	updated	Canis familiaris	unchanged		no	no	17588806	unchanged	
80	DQ866102	AL_Asian_SEA2a	Asian SEA2a	CHN	China	Guangxi	-	-	2006	455	05-Aug-06	14-Jul-16	Canis familiaris	17588806	GX510	China	unchanged	Chongzuo	updated	2005	filled in	2005	filled in	2005	updated	Canis familiaris	unchanged		no	no	17588806	unchanged	
81	DQ866103	AL_Asian_SEA2a	Asian SEA2a	CHN	China	Guangxi	-	-	2006	455	05-Aug-06	14-Jul-16	Canis familiaris	17588806	GX520	China	unchanged	Chongzuo	updated	2005	filled in	2005	filled in	2005	updated	Canis familiaris	unchanged		no	no	17588806	unchanged	
48	AY102999	AL_Asian_SEA2a	Asian SEA2a	-	-	-	-	-	2002	407	30-Nov-02	24-Jul-16	-	12436491	Rv341	China	filled in	-	unchanged	-	unchanged	-	unchanged	2002	unchanged	Canis lupus familiaris	filled in		no	no	12436491	unchanged	
47	AY102997	AL_Asian_SEA2a	Asian SEA2a	-	-	-	-	-	2002	405	30-Nov-02	24-Jul-16	-	12436491	Rv335	China	filled in	-	unchanged	-	unchanged	-	unchanged	2002	unchanged	-	unchanged		no	yes	12436491	unchanged	Vaccine
115	EU267721	AL_Asian_SEA2a	Asian SEA2a	CHN	China	-	-	-	2008	388	07-Dec-08	05-Jan-09	Canis familiaris	19041424	Guizhou Al01	China	unchanged	Guizhou	filled in	-	unchanged	-	unchanged	2008	unchanged	Canis familiaris	unchanged		no	no	19041424	unchanged	From isolate name
116	EU267722	AL_Asian_SEA2a	Asian SEA2a	CHN	China	-	-	-	2008	388	07-Dec-08	05-Jan-09	Canis familiaris	19041424	Guizhou Al03	China	unchanged	Guizhou	filled in	-	unchanged	-	unchanged	2008	unchanged	Canis familiaris	unchanged		no	no	19041424	unchanged	From isolate name
51	DQ515994	AL_Asian_SEA2a	Asian SEA2a	CHN	China	Hunan province	-	-	2006	371	27-May-06	26-Jul-16	Canis familiaris	-	HuNDN02	China	unchanged	Hunan province	unchanged	-	unchanged	-	unchanged	2006	unchanged	Canis familiaris	unchanged		no	no	-	unchanged	Online but can't access for free
93	EF555110	AL_Asian_SEA2a	Asian SEA2a	CHN	China	-	-	-	2007	329	26-May-07	23-Jul-16	Canis familiaris	-	HuNDN03	China	unchanged	-	unchanged	-	unchanged	-	unchanged	2007	unchanged	Canis familiaris	unchanged		no	no	-	unchanged	
94	EF555111	AL_Asian_SEA2a	Asian SEA2a	CHN	China	-	-	-	2007	329	26-May-07	23-Jul-16	Canis familiaris	-	GDZQDN46	China	unchanged	-	unchanged	-	unchanged	-	unchanged	2007	unchanged	Canis familiaris	unchanged		no	no	-	unchanged	
95	EF555112	AL_Asian_SEA2a	Asian SEA2a	CHN	China	-	-	-	2007	329	26-May-07	23-Jul-16	Canis familiaris	-	GDZQDN45	China	unchanged	-	unchanged	-	unchanged	-	unchanged	2007	unchanged	Canis familiaris	unchanged		no	no	-	unchanged	
96	EF555114	AL_Asian_SEA2a	Asian SEA2a	CHN	China	-	-	-	2007	329	26-May-07	23-Jul-16	Canis familiaris	-	GDMMDN57	China	unchanged	-	unchanged	-	unchanged	-	unchanged	2007	unchanged	Canis familiaris	unchanged		no	no	-	unchanged	
97	EF555115	AL_Asian_SEA2a	Asian SEA2a	CHN	China	-	-	-	2007	329	26-May-07	23-Jul-16	Canis familiaris	-	GDMMDN55	China	unchanged	-	unchanged	-	unchanged	-	unchanged	2007	unchanged	Canis familiaris	unchanged		no	no	-	unchanged	
1	AB010549	AL_Asian_SEA2a	Asian SEA2a	-	-	-	-	-	1998	278	05-Feb-98	28-May-13	Canis familiaris	-	No.7	China	filled in	-	unchanged	-	unchanged	-	unchanged	1998	unchanged	Canis familiaris	unchanged		no	no	-	unchanged	
2	AB010550	AL_Asian_SEA2a	Asian SEA2a	-	-	-	-	-	1998	272	05-Feb-98	28-May-13	Canis familiaris	-	No.7	-	unchanged	-	unchanged	-	unchanged	-	unchanged	1998	unchanged	Canis familiaris	unchanged		no	no	-	unchanged	
35	AB516755	AL_Asian_SEA2a	Asian SEA2a	CHN	China	-	-	-	2010	203	06-Apr-10	25-Jul-16	-	20403387	CHdg3	China	unchanged	-	unchanged	-	unchanged	-	unchanged	2010	unchanged	Sus scrofa	filled in		no	no	20403387	unchanged	
36	AB516756	AL_Asian_SEA2a	Asian SEA2a	CHN	China	-	-	-	2010	203	06-Apr-10	25-Jul-16	-	20403387	CHdg4	China	unchanged	-	unchanged	-	unchanged	-	unchanged	2010	unchanged	Canis lupus familiaris	filled in		no	no	20403387	unchanged	
37	AB516757	AL_Asian_SEA2a	Asian SEA2a	CHN	China	-	-	-	2010	203	06-Apr-10	25-Jul-16	-	20403387	CHdg5	China	unchanged	-	unchanged	-	unchanged	-	unchanged	2010	unchanged	Canis lupus familiaris	filled in		no	no	20403387	unchanged	
38	AB516759	AL_Asian_SEA2a	Asian SEA2a	CHN	China	-	-	-	2010	203	06-Apr-10	25-Jul-16	-	20403387	CHdg7	China	unchanged	-	unchanged	-	unchanged	-	unchanged	2010	unchanged	Bos	filled in	Bovine	no	no	20403387	unchanged	
39	AB516760	AL_Asian_SEA2a	Asian SEA2a	CHN	China	-	-	-	2010	203	06-Apr-10	25-Jul-16	-	20403387	CHdg8	China	unchanged	-	unchanged	-	unchanged	-	unchanged	2010	unchanged	Canis lupus familiaris	filled in		no	no	20403387	unchanged	
40	AB516761	AL_Asian_SEA2a	Asian SEA2a	CHN	China	-	-	-	2010	203	06-Apr-10	25-Jul-16	-	20403387	CHdg10	China	unchanged	-	unchanged	-	unchanged	-	unchanged	2010	unchanged	Canis lupus familiaris	filled in		no	no	20403387	unchanged	
41	AB516762	AL_Asian_SEA2a	Asian SEA2a	CHN	China	-	-	-	2010	203	06-Apr-10	25-Jul-16	-	20403387	CHdg12	China	unchanged	-	unchanged	-	unchanged	-	unchanged	2010	unchanged	Canis lupus familiaris	filled in		no	no	20403387	unchanged	
42	AB516763	AL_Asian_SEA2a	Asian SEA2a	CHN	China	-	-	-	2010	203	06-Apr-10	25-Jul-16	-	20403387	CHdg13	China	unchanged	-	unchanged	-	unchanged	-	unchanged	2010	unchanged	Canis lupus familiaris	filled in		no	no	20403387	unchanged	
43	AB516764	AL_Asian_SEA2a	Asian SEA2a	CHN	China	-	-	-	2010	203	06-Apr-10	25-Jul-16	-	20403387	CHdg14	China	unchanged	-	unchanged	-	unchanged	-	unchanged	2010	unchanged	Canis lupus familiaris	filled in		no	no	20403387	unchanged	
44	AB516766	AL_Asian_SEA2a	Asian SEA2a	CHN	China	-	-	-	2010	203	06-Apr-10	25-Jul-16	-	20403387	CHdg19	China	unchanged	-	unchanged	-	unchanged	-	unchanged	2010	unchanged	Canis lupus familiaris	filled in		no	no	20403387	unchanged	