Number	sequence.sequenceID	alignment.name	alignment.displayName	sequence.m49_country.id	sequence.m49_country.display_name	sequence.gb_place_sampled	sequence.collection_year	sequence.earliest_collection_year	sequence.latest_collection_year	sequence.gb_length	sequence.gb_create_date	sequence.gb_update_date	sequence.host	sequence.gb_pubmed_id	sequence.isolate	country_edit	Country_update	place_edit	place_update	Collection.year_edit	Collection.year_update	earliest.collection_edit	earliest.collection_update	latest.collection_edit	latest.collection_update	host_edit	host_update	host.common_edit	Lab_construct	Vaccine	pubmedID_edit	pubmed_update	Notes
144	EF542830	AL_Cosmopolitan	Cosmopolitan	RUS	Russia	-	-	-	2008	11932	14-Jan-08	25-Feb-08	-	18187223	RV-97	Russia	unchanged	-	unchanged	-	unchanged	-	unchanged	2008	unchanged	-	unchanged		no	yes	18187223	unchanged	Vaccine strain
172	KM198893	AL_Cosmopolitan	Cosmopolitan	RUS	Russia	-	-	-	2014	11932	25-Oct-14	25-Oct-14	-	-	Moscow 3253	Russia	unchanged	-	unchanged	-	unchanged	-	unchanged	2014	unchanged	-	unchanged		no	yes	-	unchanged	Vaccine strain
150	GQ918139	AL_Cosmopolitan	Cosmopolitan	-	-	-	-	-	2010	11927	30-Jun-10	30-Jun-10	-	-	CVS-11	-	unchanged	-	unchanged	-	unchanged	-	unchanged	2010	unchanged	-	unchanged		yes	no	-	unchanged	Strain
161	HM535790	AL_Cosmopolitan	Cosmopolitan	USA	United States	-	-	-	2010	11927	29-Nov-10	29-Dec-10	-	21068252	CVS-N2c	United States	unchanged	-	unchanged	-	unchanged	-	unchanged	2010	unchanged	-	unchanged		yes	no	21068252	unchanged	Constructed infectious strain
162	HQ891318	AL_Cosmopolitan	Cosmopolitan	-	-	-	-	-	2011	11927	02-Aug-11	23-Jan-13	-	23265241	B2c	-	unchanged	-	unchanged	-	unchanged	-	unchanged	2011	unchanged	-	unchanged		yes	no	23265241	unchanged	Constructed infectious strain
164	JQ944709	AL_Cosmopolitan	Cosmopolitan	ETH	Ethiopia	-	2008	2008	2008	11927	14-Jul-12	14-Jul-12	-	-	EPHVAC	Ethiopia	unchanged	-	unchanged	2008	unchanged	2008	unchanged	2008	unchanged	-	unchanged		no	yes	-	unchanged	Vaccine strain
190	LC325820	AL_Cosmopolitan	Cosmopolitan	-	-	-	-	-	2018	11927	14-Feb-18	14-Feb-18	-	-	CVS	-	unchanged	-	unchanged	-	unchanged	-	unchanged	2018	unchanged	-	unchanged		yes	no	29529215	filled in	Constructed infectious strain
191	LT839616	AL_Cosmopolitan	Cosmopolitan	-	-	-	-	-	2017	11927	21-Jun-17	21-Jun-17	-	-	35009	-	unchanged	-	unchanged	-	unchanged	-	unchanged	2017	unchanged	-	unchanged		yes	no	-	unchanged	
2	AB009663	AL_Cosmopolitan	Cosmopolitan	-	-	-	-	-	1997	11926	25-Dec-97	28-May-13	-	11270607	RC-HL	-	unchanged	-	unchanged	-	unchanged	-	unchanged	1997	unchanged	-	unchanged		no	yes	11270607	unchanged	
4	AB044824	AL_Cosmopolitan	Cosmopolitan	-	-	-	-	-	2000	11926	21-Jun-00	28-May-13	-	11270607	Nishigahara	Japan	filled in	-	unchanged	-	unchanged	-	unchanged	2000	unchanged	-	unchanged		yes	no	11270607	unchanged	Grown in hamster kidney, infect mouse in lab
7	AB128149	AL_Cosmopolitan	Cosmopolitan	-	-	-	-	-	2003	11926	10-Dec-03	28-May-13	-	17010466	Ni-CE	-	unchanged	-	unchanged	-	unchanged	-	unchanged	2003	unchanged	-	unchanged		yes	no	17010466	unchanged	Strain edited for mouse innoculation 
151	GU565703	AL_Cosmopolitan	Cosmopolitan	-	-	-	1948	1948	1948	11925	24-Mar-10	10-Aug-10	-	20538851	Flury-LEP	-	unchanged	-	unchanged	1948	unchanged	1948	unchanged	1948	unchanged	-	unchanged		no	yes	20538851	unchanged	Vaccine strain
152	GU565704	AL_Cosmopolitan	Cosmopolitan	-	-	-	1948	1948	1948	11925	24-Mar-10	10-Aug-10	-	20538851	Flury-HEP	-	unchanged	-	unchanged	1948	unchanged	1948	unchanged	1948	unchanged	-	unchanged		no	yes	20538851	unchanged	Vaccine strain
192	LT909530	AL_Cosmopolitan	Cosmopolitan	-	-	-	-	-	2018	11925	29-Jan-18	29-Jan-18	-	-	13251	Chile	filled in	-	unchanged	1979	filled in	1979	filled in	1979	updated	Homo sapiens	filled in		no	no	29357361	filled in	
193	LT909543	AL_Cosmopolitan	Cosmopolitan	-	-	-	-	-	2018	11925	29-Jan-18	29-Jan-18	-	-	13249	Chile	filled in	-	unchanged	1973	filled in	1973	filled in	1973	updated	-	unchanged		no	no	29357361	filled in	Dog or Human
149	FJ577895	AL_Cosmopolitan	Cosmopolitan	CHN	China	-	-	-	2009	11924	26-Jan-09	29-Apr-10	-	20423522	Flury-LEP-C	China	unchanged	-	unchanged	-	unchanged	-	unchanged	2009	unchanged	-	unchanged		no	yes	20423522	unchanged	Vaccine strain
142	DQ875050	AL_Cosmopolitan	Cosmopolitan	CHN	China	Henan province	-	-	2006	11869	06-Sep-06	25-Nov-08	-	-	MRV	China	unchanged	Henan province	unchanged	-	unchanged	-	unchanged	2006	unchanged	-	unchanged		no	no	-	unchanged	
143	DQ875051	AL_Cosmopolitan	Cosmopolitan	CHN	China	Jilin province	-	-	2006	11863	06-Sep-06	25-Nov-08	-	-	DRV	China	unchanged	Jilin province	unchanged	-	unchanged	-	unchanged	2006	unchanged	-	unchanged		no	no	-	unchanged	
139	DQ099525	AL_Cosmopolitan	Cosmopolitan	-	-	-	-	-	2005	11723	17-Jul-05	17-Jul-05	-	-	PM1503	-	unchanged	-	unchanged	-	unchanged	-	unchanged	2005	unchanged	-	unchanged		yes	no	-	unchanged	strain.
138	DQ099524	AL_Cosmopolitan	Cosmopolitan	-	-	-	-	-	2005	11711	17-Jul-05	17-Jul-05	-	-	FluryLEP	-	unchanged	-	unchanged	-	unchanged	-	unchanged	2005	unchanged	-	unchanged		no	yes	-	unchanged	strain.
10	AB839170	AL_Cosmopolitan	Cosmopolitan	-	-	-	-	-	2013	11634	27-Jul-13	28-Nov-13	-	24244660	rHEP5.0-CVSG	-	unchanged	-	unchanged	-	unchanged	-	unchanged	2013	unchanged	-	unchanged		yes	no	24244660	unchanged	Lab created transgene
6	AB085828	AL_Cosmopolitan	Cosmopolitan	-	-	-	-	-	2003	11615	07-Jan-03	01-Aug-03	-	12505638	HEP-Flury	-	unchanged	-	unchanged	-	unchanged	-	unchanged	2003	unchanged	-	unchanged		yes	no	12505638	unchanged	Avirulent strain used for cDNA cloning
9	AB839169	AL_Cosmopolitan	Cosmopolitan	-	-	-	-	-	2013	10015	27-Jul-13	28-Nov-13	-	24244660	rHEP5.0-delG	-	unchanged	-	unchanged	-	unchanged	-	unchanged	2013	unchanged	-	unchanged		yes	no	24244660	unchanged	Virus vector transgene
1	AB009601	AL_Cosmopolitan	Cosmopolitan	-	-	-	-	-	1997	6545	25-Dec-97	28-May-13	-	-	RC-HL	-	unchanged	-	unchanged	-	unchanged	-	unchanged	1997	unchanged	-	unchanged		no	yes	-	unchanged	Vaccine strain
205	X13357	AL_Cosmopolitan	Cosmopolitan	-	-	-	-	-	1990	3385	14-Jan-90	26-Jul-16	-	3147698	AVO1 (avirulent)	-	unchanged	-	unchanged	-	unchanged	-	unchanged	1990	unchanged	-	unchanged		yes	no	3147698	unchanged	Avirulent strain, lab cultured in hamster kidney
170	KF871428	AL_Cosmopolitan	Cosmopolitan	RUS	Russia	-	-	-	2014	2229	10-Feb-14	10-Feb-14	-	-	Moscow 3253	Russia	unchanged	-	unchanged	-	unchanged	-	unchanged	2014	unchanged	-	unchanged		no	yes	-	unchanged	Vaccine strain
196	M32751	AL_Cosmopolitan	Cosmopolitan	-	-	-	-	-	1993	2140	03-Aug-93	15-Jun-90	-	2596027	-	-	unchanged	-	unchanged	-	unchanged	-	unchanged	1993	unchanged	-	unchanged		no	yes	2596027	unchanged	HEP-Flury strain
16	AF325471	AL_Cosmopolitan	Cosmopolitan	-	-	-	-	-	2001	2091	20-Aug-01	20-Aug-01	-	11483755	CHI1-BK	China	filled in	-	unchanged	1986	filled in	1986	filled in	1986	updated	Cervidae	filled in	Buck	no	no	11483755	unchanged	
199	S72465	AL_Cosmopolitan	Cosmopolitan	-	-	-	-	-	1995	2056	23-Jan-95	24-Jul-18	-	8209421	Nishigahara	-	unchanged	-	unchanged	-	unchanged	-	unchanged	1995	unchanged	-	unchanged		no	yes	8209421	unchanged	Dog vaccine strain
208	X69061	AL_Cosmopolitan	Cosmopolitan	-	-	-	-	-	1992	2042	11-Nov-92	11-Nov-92	-	-	Flury strain	-	unchanged	-	unchanged	-	unchanged	-	unchanged	1992	unchanged	-	unchanged		no	yes	-	unchanged	Flury strain
209	X69122	AL_Cosmopolitan	Cosmopolitan	-	-	-	-	-	1992	2042	10-Nov-92	03-Dec-92	-	-	Flury	-	unchanged	-	unchanged	-	unchanged	-	unchanged	1992	unchanged	-	unchanged		no	yes	-	unchanged	Flury strain
187	L40426	AL_Cosmopolitan	Cosmopolitan	-	-	-	-	-	1995	1667	09-Mar-95	07-Mar-95	-	6297004	-	-	unchanged	-	unchanged	-	unchanged	-	unchanged	1995	unchanged	-	unchanged		yes	no	6297004	unchanged	Biosynthesis in E. coli
134	D16330	AL_Cosmopolitan	Cosmopolitan	-	-	-	-	-	1993	1655	26-Jul-93	28-May-13	-	7968680	RC-HL	-	unchanged	-	unchanged	-	unchanged	-	unchanged	1993	unchanged	-	unchanged		no	yes	7968680	unchanged	Vaccine strain
32	AJ506997	AL_Cosmopolitan	Cosmopolitan	IND	India	-	-	-	2002	1585	29-Aug-02	29-Aug-02	-	-	CVS	India	unchanged	-	unchanged	-	unchanged	-	unchanged	2002	unchanged	Mus	filled in	Mouse	no	yes	-	unchanged	Vaccine strain, lab host = mouse
11	AF042823	AL_Cosmopolitan	Cosmopolitan	-	-	-	-	-	1998	1575	26-Jan-98	04-Oct-99	-	9501231	CVS-N2c	-	unchanged	-	unchanged	-	unchanged	-	unchanged	1998	unchanged	Mus	filled in	Mouse	yes	no	9501231	unchanged	Mouse brain or neuroblastoma passaged strain
12	AF042824	AL_Cosmopolitan	Cosmopolitan	-	-	-	-	-	1998	1575	26-Jan-98	04-Oct-99	-	9501231	CVS-B2c	-	unchanged	-	unchanged	-	unchanged	-	unchanged	1998	unchanged	Mus	filled in	Mouse	yes	no	9501231	unchanged	Mouse adapted strain
17	AF325714	AL_Cosmopolitan	Cosmopolitan	-	-	-	-	-	2001	1575	07-Feb-01	07-Feb-01	-	-	CVS-N2c	-	unchanged	-	unchanged	-	unchanged	-	unchanged	2001	unchanged	Mus	filled in	Mouse	yes	no	-	unchanged	Mouse brain or neuroblastoma passaged strain
33	AJ871962	AL_Cosmopolitan	Cosmopolitan	-	-	-	-	-	2005	1575	07-Jan-05	31-Mar-06	-	-	Pitman Moore	-	unchanged	-	unchanged	-	unchanged	-	unchanged	2005	unchanged	-	unchanged		no	yes	-	unchanged	Vaccine strain
34	AY009097	AL_Cosmopolitan	Cosmopolitan	-	-	-	-	-	2000	1575	03-Dec-00	01-Jan-00	-	-	PG	China	filled in	-	unchanged	1931	filled in	1931	filled in	1931	updated	Canis lupus familiaris	filled in		no	yes	-	unchanged	Vaccine strain, found in 21375773
126	AY683208	AL_Cosmopolitan	Cosmopolitan	-	-	-	-	-	2007	1575	30-Jul-07	31-Jul-07	-	-	RV-97	-	unchanged	-	unchanged	2004	filled in	2004	filled in	2004	updated	-	unchanged		no	no	-	unchanged	Genbank says submitted 2004; no later than this
133	D14873	AL_Cosmopolitan	Cosmopolitan	-	-	-	-	-	1993	1575	11-Jun-93	16-Feb-08	-	-	RC-HL	-	unchanged	-	unchanged	-	unchanged	-	unchanged	1993	unchanged	-	unchanged		no	yes	-	unchanged	No information, but from isolate name can infer vaccine strain
146	EU126641	AL_Cosmopolitan	Cosmopolitan	-	-	-	-	-	2007	1575	17-Sep-07	17-Sep-07	-	-	CVS-11	France	filled in	-	unchanged	1882	filled in	1882	filled in	1882	updated	Bos	filled in	Cow	no	no	-	unchanged	Not information in genbank, but found in different article 
148	EU352767	AL_Cosmopolitan	Cosmopolitan	-	-	-	-	-	2008	1575	15-Sep-08	15-Sep-08	-	18753230	CVS-11	-	unchanged	-	unchanged	-	unchanged	-	unchanged	2008	unchanged	-	unchanged		yes	no	18753230	unchanged	Challenge virus standard
169	KF733452	AL_Cosmopolitan	Cosmopolitan	FRA	France	-	2013	2013	2013	1575	24-Dec-13	24-Dec-13	-	-	CVS-11_12-10	France	unchanged	-	unchanged	2013	unchanged	2013	unchanged	2013	unchanged	-	unchanged		yes	no	-	unchanged	Challenge virus standard
174	KR105372	AL_Cosmopolitan	Cosmopolitan	IND	India	-	2014	2014	2014	1575	04-Oct-15	08-Dec-15	-	26645040	CVS-11/BHK-21/IVRI	India	unchanged	-	unchanged	2014	unchanged	2014	unchanged	2014	unchanged	-	unchanged		yes	no	26645040	unchanged	BHK-21 adapted CVS strain
186	L04522	AL_Cosmopolitan	Cosmopolitan	-	-	-	-	-	1993	1575	03-Aug-93	04-Mar-93	-	8460524	Chinese vaccine strain 3aG	-	unchanged	-	unchanged	-	unchanged	-	unchanged	1993	unchanged	-	unchanged		no	yes	8460524	unchanged	Vaccine strain - isolate name
188	LC009634	AL_Cosmopolitan	Cosmopolitan	-	-	-	-	-	2014	1575	12-Nov-14	12-Nov-14	-	-	CVS-26	-	unchanged	-	unchanged	-	unchanged	-	unchanged	2014	unchanged	-	unchanged		yes	no	-	unchanged	CVS - isolate name
189	LC009635	AL_Cosmopolitan	Cosmopolitan	-	-	-	-	-	2014	1575	12-Nov-14	12-Nov-14	-	-	CVS-26(G-N204S)	-	unchanged	-	unchanged	-	unchanged	-	unchanged	2014	unchanged	-	unchanged		yes	no	-	unchanged	CVS - isolate name
14	AF085333	AL_Cosmopolitan	Cosmopolitan	-	-	-	-	-	1998	1572	08-Sep-98	01-Sep-98	-	4544144	CVS-11 (RFFIT)	-	unchanged	-	unchanged	-	unchanged	-	unchanged	1998	unchanged	-	unchanged		yes	no	4544144	unchanged	CVS - isolate name
165	KC791802	AL_Cosmopolitan	Cosmopolitan	USA	United States	-	2002	2002	2002	1572	18-Jun-13	18-Jun-13	-	-	A02_3270	United States	unchanged	-	unchanged	2002	unchanged	2002	unchanged	2002	unchanged	-	unchanged		no	no	-	unchanged	Might be strain, not clear
166	KC791877	AL_Cosmopolitan	Cosmopolitan	USA	United States	-	-	-	2013	1572	18-Jun-13	18-Jun-13	-	-	A11_1197	United States	unchanged	-	unchanged	-	unchanged	-	unchanged	2013	unchanged	-	unchanged		yes	no	-	unchanged	Might be strain, not clear
198	MH460409	AL_Cosmopolitan	Cosmopolitan	THA	Thailand	-	2017	2017	2017	1572	16-Feb-19	16-Feb-19	-	-	CVS-11,12/17	Thailand	unchanged	-	unchanged	2017	unchanged	2017	unchanged	2017	unchanged	-	unchanged		yes	no	-	unchanged	CVS - isolate name
163	JN561127	AL_Cosmopolitan	Cosmopolitan	IND	India	-	2009	2009	2009	1468	26-Dec-11	26-Dec-11	-	-	CVS	India	unchanged	-	unchanged	2009	unchanged	2009	unchanged	2009	unchanged	-	unchanged		yes	no	-	unchanged	CVS - isolate name
136	D42112	AL_Cosmopolitan	Cosmopolitan	-	-	-	-	-	1994	1448	28-Nov-94	09-Feb-99	-	3459163	CVS	-	unchanged	-	unchanged	-	unchanged	-	unchanged	1994	unchanged	-	unchanged		yes	no	3459163	unchanged	CVS - isolate name
3	AB010494	AL_Cosmopolitan	Cosmopolitan	-	-	-	-	-	1998	1424	05-Feb-98	28-May-13	-	-	Nishigahara	-	unchanged	-	unchanged	-	unchanged	-	unchanged	1998	unchanged	-	unchanged		no	yes	-	unchanged	Dog vaccine strain - isolate name
135	D16331	AL_Cosmopolitan	Cosmopolitan	-	-	-	-	-	1993	1404	26-Jul-93	28-May-13	-	8073640	RC-HL	-	unchanged	-	unchanged	-	unchanged	-	unchanged	1993	unchanged	-	unchanged		no	yes	8073640	unchanged	Vaccine strain - isolate name
197	M61047	AL_Cosmopolitan	Cosmopolitan	-	-	-	-	-	1993	1401	03-Aug-93	31-Jul-91	-	1840709	-	-	unchanged	-	unchanged	-	unchanged	-	unchanged	1993	unchanged	-	unchanged		yes	no	1840709	unchanged	CVS N in vaccinia virus
5	AB069973	AL_Cosmopolitan	Cosmopolitan	-	-	-	-	-	2002	1353	15-Aug-02	12-Aug-09	-	12895231	CVS-11	-	unchanged	-	unchanged	-	unchanged	-	unchanged	2002	unchanged	-	unchanged		yes	no	12895231	unchanged	CVS - isolate name
15	AF155039	AL_Cosmopolitan	Cosmopolitan	CHN	China	-	-	-	1999	1353	24-Jun-99	11-Jun-99	-	-	3AG	China	unchanged	-	unchanged	-	unchanged	-	unchanged	1999	unchanged	-	unchanged		no	yes	-	unchanged	Vaccine strain
147	EU282381	AL_Cosmopolitan	Cosmopolitan	CHN	China	-	-	-	2007	1353	05-Dec-07	05-Dec-07	-	-	CHVC06	China	unchanged	Yunnan	filled in	2006	filled in	2006	filled in	2006	updated	Mus	filled in	Mouse	no	no	-	unchanged	Mouse
157	GU992321	AL_Cosmopolitan	Cosmopolitan	FRA	France	-	1988	1988	1988	1353	27-Apr-10	10-Aug-10	-	-	CVS	France	unchanged	-	unchanged	1988	unchanged	1988	unchanged	1988	unchanged	-	unchanged		yes	no	-	unchanged	CVS - isolate name
158	GU992323	AL_Cosmopolitan	Cosmopolitan	FRA	France	-	1976	1976	1976	1353	27-Apr-10	10-Aug-10	-	-	Pitman Moore (PM)	France	unchanged	-	unchanged	1976	unchanged	1976	unchanged	1976	unchanged	-	unchanged		no	yes	-	unchanged	Vaccine strain - isolate name
159	GU992324	AL_Cosmopolitan	Cosmopolitan	FRA	France	-	1985	1985	1985	1353	27-Apr-10	10-Aug-10	-	-	Flury LEP	France	unchanged	-	unchanged	1985	unchanged	1985	unchanged	1985	unchanged	-	unchanged		no	yes	-	unchanged	Vaccine strain - isolate name
160	GU992325	AL_Cosmopolitan	Cosmopolitan	FRA	France	-	1985	1985	1985	1353	27-Apr-10	10-Aug-10	-	-	Flury HEP	France	unchanged	-	unchanged	1985	unchanged	1985	unchanged	1985	unchanged	-	unchanged		no	yes	-	unchanged	Vaccine strain - isolate name
168	KF733451	AL_Cosmopolitan	Cosmopolitan	FRA	France	-	2013	2013	2013	1353	24-Dec-13	24-Dec-13	-	-	CVS-11_12-10	France	unchanged	-	unchanged	2013	unchanged	2013	unchanged	2013	unchanged	-	unchanged		yes	no	-	unchanged	CVS - isolate name
175	KR105374	AL_Cosmopolitan	Cosmopolitan	IND	India	-	2014	2014	2014	1353	04-Oct-15	08-Dec-15	-	26645040	CVS-11/BHK-21/IVRI	India	unchanged	-	unchanged	2014	unchanged	2014	unchanged	2014	unchanged	-	unchanged		yes	no	26645040	unchanged	CVS - isolate name
13	AF045664	AL_Cosmopolitan	Cosmopolitan	-	-	-	-	-	1998	1350	12-Dec-98	13-May-98	-	-	fox	Europe	filled in	-	unchanged	-	unchanged	-	unchanged	1998	unchanged	Vulpes vulpes	filled in		no	no	-	unchanged	
179	KU963489	AL_Cosmopolitan	Cosmopolitan	-	-	-	-	-	2016	1350	06-Nov-16	06-Nov-16	Canis familiaris	-	SN2-62-CanineCHINA2005	China	filled in	-	unchanged	2005	filled in	2005	filled in	2005	updated	Canis familiaris	unchanged		no	no	-	unchanged	From Isolate name
180	KU963490	AL_Cosmopolitan	Cosmopolitan	-	-	-	-	-	2016	1350	06-Nov-16	06-Nov-16	Canis familiaris	-	SN3-PeruDog	Peru	filled in	-	unchanged	-	unchanged	-	unchanged	2016	unchanged	Canis familiaris	unchanged		no	no	-	unchanged	From Isolate name
181	KU963493	AL_Cosmopolitan	Cosmopolitan	-	-	-	-	-	2016	1350	06-Nov-16	06-Nov-16	skunk	-	SN6-18-SkunkUSA1984	United States	filled in	-	unchanged	1984	filled in	1984	filled in	1984	updated	skunk	unchanged		no	no	-	unchanged	From Isolate name
182	KU963498	AL_Cosmopolitan	Cosmopolitan	-	-	-	-	-	2016	1350	06-Nov-16	06-Nov-16	Vulpes vulpes	-	SN11-20-TexasGrayFoxUSA1994	United States	filled in	Texas	filled in	1994	filled in	1994	filled in	1994	updated	Vulpes vulpes	unchanged		no	no	-	unchanged	From Isolate name
183	KU963502	AL_Cosmopolitan	Cosmopolitan	-	-	-	-	-	2016	1350	06-Nov-16	06-Nov-16	Canis familiaris	-	SN15-22-CaninePuertoRico2006	Puerto Rico	filled in	-	unchanged	2006	filled in	2006	filled in	2006	updated	Canis familiaris	unchanged		no	no	-	unchanged	From Isolate name
184	KU963506	AL_Cosmopolitan	Cosmopolitan	-	-	-	-	-	2016	1350	06-Nov-16	06-Nov-16	-	-	SN19-63-CVS11Japan2001	Japan	filled in	-	unchanged	2001	filled in	2001	filled in	2001	updated	-	unchanged		no	no	-	unchanged	From Isolate name
8	AB206411	AL_Cosmopolitan	Cosmopolitan	BRA	Brazil	-	-	-	2005	1332	06-Sep-05	14-Jul-16	-	16599183	BR-Pfx5	Brazil	unchanged	-	unchanged	2005	filled in	2005	filled in	2005	updated	Vulpes vulpes	filled in		no	no	16599183	unchanged	
155	GU936866	AL_Cosmopolitan	Cosmopolitan	-	-	-	-	-	2010	1317	08-Nov-10	25-Jul-16	-	20826698	LEP	-	unchanged	-	unchanged	-	unchanged	-	unchanged	2010	unchanged	-	unchanged		no	yes	20826698	unchanged	No information but probably vaccine strain (LEP)
156	GU936876	AL_Cosmopolitan	Cosmopolitan	CHN	China	-	-	-	2010	1317	08-Nov-10	25-Jul-16	-	20826698	RV334	China	unchanged	-	unchanged	-	unchanged	-	unchanged	2010	unchanged	-	unchanged		no	yes	20826698	unchanged	Vaccine
206	X55727	AL_Cosmopolitan	Cosmopolitan	-	-	-	-	-	1990	991	18-Dec-90	09-May-95	-	2148206	CV-11(challenge virus standard-11)	-	unchanged	-	unchanged	-	unchanged	-	unchanged	1990	unchanged	-	unchanged		yes	no		unchanged	CVS - isolate name
207	X57783	AL_Cosmopolitan	Cosmopolitan	-	-	-	-	-	1994	991	20-Jun-94	20-Jun-94	-	-	CVS	-	unchanged	-	unchanged	-	unchanged	-	unchanged	1994	unchanged	-	unchanged		yes	no	-	unchanged	CVS - isolate name
31	AH011791	AL_Cosmopolitan	Cosmopolitan	IND	India	-	-	-	2002	929	27-Aug-02	06-Apr-16	-	-	CVS	India	unchanged	-	unchanged	-	unchanged	-	unchanged	1995	unchanged	-	unchanged		yes	no	-	unchanged	CVS - isolate name
20	AF369264	AL_Cosmopolitan	Cosmopolitan	-	-	-	-	-	2001	920	21-May-01	03-Dec-09	-	12127791	V015	-	unchanged	-	unchanged	-	unchanged	-	unchanged	2001	unchanged	-	unchanged		no	yes	12127791	unchanged	HEP-Flury Strain
21	AF369271	AL_Cosmopolitan	Cosmopolitan	-	-	-	-	-	2001	920	21-May-01	03-Dec-09	Vulpes vulpes	12127791	V224.GFX	USA	filled in	Texas	filled in	1994	filled in	1994	filled in	1994	updated	Bos	updated	Bovine	no	no	12127791	unchanged	
22	AF369278	AL_Cosmopolitan	Cosmopolitan	-	-	-	-	-	2001	920	21-May-01	03-Dec-09	Vulpes vulpes	12127791	V280.RFX	France	filled in	-	unchanged	1976	filled in	1976	filled in	1976	updated	Vulpes vulpes	unchanged		no	no	12127791	unchanged	
23	AF369303	AL_Cosmopolitan	Cosmopolitan	-	-	-	-	-	2001	920	21-May-01	03-Dec-09	Caribbean mongoose	12127791	90002.MG	Puerto Rico	filled in	-	unchanged	1990	filled in	1990	filled in	1990	updated	Herpestes javanicus	updated	Caribbean mongoose	no	no	12127791	unchanged	
24	AF369316	AL_Cosmopolitan	Cosmopolitan	-	-	-	-	-	2001	920	21-May-01	03-Dec-09	Canis familiaris	12127791	C1.DG	China	filled in	Beijing	filled in	1985	filled in	1985	filled in	1985	updated	Mus	updated	Mouse	no	no	12127791	unchanged	
25	AF369323	AL_Cosmopolitan	Cosmopolitan	-	-	-	-	-	2001	920	21-May-01	03-Dec-09	Canis familiaris	12127791	V001.DG	Peru	filled in	-	unchanged	1985	filled in	1985	filled in	1985	updated	Canis familiaris	unchanged		no	no	12127791	unchanged	
26	AF369327	AL_Cosmopolitan	Cosmopolitan	-	-	-	-	-	2001	920	21-May-01	03-Dec-09	Canis familiaris	12127791	V463.DG	Nigeria	filled in	-	unchanged	1996	filled in	1996	filled in	1996	updated	Canis familiaris	unchanged		no	no	12127791	unchanged	
27	AF369329	AL_Cosmopolitan	Cosmopolitan	-	-	-	-	-	2001	920	21-May-01	03-Dec-09	Canis familiaris	12127791	V466.DG	Nigeria	filled in	-	unchanged	1996	filled in	1996	filled in	1996	updated	Canis familiaris	unchanged		no	no	12127791	unchanged	
137	DQ011221	AL_Cosmopolitan	Cosmopolitan	-	-	-	-	-	2005	914	14-May-05	14-May-05	-	-	98	-	unchanged	-	unchanged	-	unchanged	-	unchanged	2005	unchanged	-	unchanged		yes	no	-	unchanged	CVS
141	DQ646875	AL_Cosmopolitan	Cosmopolitan	CHN	China	-	-	-	2007	894	01-Jan-07	01-Jan-07	-	-	PG	China	unchanged	-	unchanged	-	unchanged	-	unchanged	2007	unchanged	-	unchanged		no	yes	-	unchanged	Vaccine strain
195	M22013	AL_Cosmopolitan	Cosmopolitan	-	-	-	-	-	1993	817	03-Aug-93	15-Jun-89	-	3765822	-	-	unchanged	-	unchanged	-	unchanged	-	unchanged	2005	unchanged	-	unchanged		yes	no	3765822	unchanged	Clone
185	KX009506	AL_Cosmopolitan	Cosmopolitan	KAZ	Kazakhstan	-	-	-	2016	796	20-Nov-16	20-Nov-16	-	-	VRC-RZ2	Kazakhstan	unchanged	-	unchanged	-	unchanged	-	unchanged	2016	unchanged	-	unchanged		no	yes	-	unchanged	live modified strain, vaccine
203	U72049	AL_Cosmopolitan	Cosmopolitan	-	-	-	-	-	1996	742	19-Nov-96	17-Dec-02	Sika Deer	-	Rabies Street virus; Strain 8202	-	unchanged	-	unchanged	-	unchanged	-	unchanged	1996	unchanged	Sika Deer	unchanged		no	no	-	unchanged	
204	U72051	AL_Cosmopolitan	Cosmopolitan	-	-	-	-	-	1996	742	19-Nov-96	17-Dec-02	field mouse	-	Rabies Street virus; Strain MRV	-	unchanged	-	unchanged	-	unchanged	-	unchanged	1996	unchanged	field mouse	unchanged		no	no	-	unchanged	
131	D10482	AL_Cosmopolitan	Cosmopolitan	-	-	-	-	-	1993	609	29-Apr-93	21-May-03	-	8470369	Nishigahara (RCEH)	-	unchanged	-	unchanged	-	unchanged	-	unchanged	2005	unchanged	-	unchanged		no	yes	8470369	unchanged	Isolate name - dog vaccine
132	D10499	AL_Cosmopolitan	Cosmopolitan	-	-	-	-	-	1993	609	29-Apr-93	21-May-03	-	8470369	CVS	-	unchanged	-	unchanged	-	unchanged	-	unchanged	2005	unchanged	-	unchanged		yes	no	8470369	unchanged	Isolate name - CVS
18	AF357307	AL_Cosmopolitan	Cosmopolitan	-	-	-	-	-	2001	600	05-Apr-01	19-Apr-11	-	12113496	CVS	-	unchanged	-	unchanged	-	unchanged	-	unchanged	2006	unchanged	-	unchanged		yes	no	12113496	unchanged	Isolate name - CVS
19	AF357308	AL_Cosmopolitan	Cosmopolitan	-	-	-	-	-	2001	600	05-Apr-01	19-Apr-11	-	12113496	PV	-	unchanged	-	unchanged	-	unchanged	-	unchanged	2007	unchanged	-	unchanged		no	yes	12113496	unchanged	Vaccine
167	KC887346	AL_Cosmopolitan	Cosmopolitan	-	-	-	2012	2012	2012	592	19-Jun-13	19-Jun-13	-	-	KVAFSU_BNG_RD-V	-	unchanged	-	unchanged	2012	unchanged	2012	unchanged	2012	unchanged	-	unchanged		no	yes	-	unchanged	Vaccine
171	KJ201901	AL_Cosmopolitan	Cosmopolitan	IND	India	-	2010	2010	2010	576	12-Mar-14	17-Apr-14	-	-	HICVYRBHK	India	unchanged	-	unchanged	2010	unchanged	2010	unchanged	2010	unchanged	-	unchanged		yes	no	-	unchanged	Cultured cell line
145	EF675757	AL_Cosmopolitan	Cosmopolitan	BRA	Brazil	-	-	-	2008	526	01-Feb-08	26-Jul-16	-	-	BRA CVS31.2	Brazil	unchanged	-	unchanged	-	unchanged	-	unchanged	2008	unchanged	-	unchanged		yes	no	-	unchanged	Isolate name - CVS
153	GU816003	AL_Cosmopolitan	Cosmopolitan	-	-	-	-	-	2010	502	28-Jul-10	25-Jul-16	-	20610710	CVS	-	unchanged	-	unchanged	-	unchanged	-	unchanged	2005	unchanged	-	unchanged		yes	no	20610710	unchanged	isolate name - Cvs
154	GU816004	AL_Cosmopolitan	Cosmopolitan	-	-	-	-	-	2010	502	28-Jul-10	25-Jul-16	-	20610710	LEP	-	unchanged	-	unchanged	-	unchanged	-	unchanged	2005	unchanged	-	unchanged		no	yes	20610710	unchanged	Isolate name - LEP
28	AH002403	AL_Cosmopolitan	Cosmopolitan	-	-	-	-	-	1985	474	16-Dec-85	19-Sep-16	-	3966297	-	-	unchanged	-	unchanged	-	unchanged	-	unchanged	2005	unchanged	-	unchanged		yes	no	3966297	unchanged	Only abstract available - probably CVS
29	AH002404	AL_Cosmopolitan	Cosmopolitan	-	-	-	-	-	1985	474	16-Dec-85	19-Sep-16	-	3966297	-	-	unchanged	-	unchanged	-	unchanged	-	unchanged	2005	unchanged	-	unchanged		yes	no	3966297	unchanged	Only abstract available - probably CVS
30	AH002405	AL_Cosmopolitan	Cosmopolitan	-	-	-	-	-	1985	474	16-Dec-85	19-Sep-16	-	3966297	-	-	unchanged	-	unchanged	-	unchanged	-	unchanged	2005	unchanged	-	unchanged		yes	no	3966297	unchanged	Only abstract available - probably CVS
140	DQ275575	AL_Cosmopolitan	Cosmopolitan	PRI	Puerto Rico	-	1997	1997	1997	431	30-Apr-06	26-Jul-16	-	17869366	V499	Puerto Rico	unchanged	-	unchanged	1997	unchanged	1997	unchanged	1997	unchanged	-	unchanged		no	no	17869366	unchanged	All unknowns
35	AY102992	AL_Cosmopolitan	Cosmopolitan	-	-	-	-	-	2002	405	30-Nov-02	24-Jul-16	-	12436491	CVS-11	-	unchanged	-	unchanged	-	unchanged	-	unchanged	2005	unchanged	-	unchanged		yes	no	12436491	unchanged	isolate name - CVS
37	AY245851	AL_Cosmopolitan	Cosmopolitan	-	-	-	-	-	2004	400	11-May-04	25-Jul-16	-	15160845	CVS-27	-	unchanged	-	unchanged	-	unchanged	-	unchanged	2005	unchanged	-	unchanged		yes	no	15160845	unchanged	
38	AY245853	AL_Cosmopolitan	Cosmopolitan	-	-	-	-	-	2004	400	11-May-04	25-Jul-16	-	15160845	CVS-11	-	unchanged	-	unchanged	-	unchanged	-	unchanged	2005	unchanged	-	unchanged		yes	no	15160845	unchanged	
173	KP723591	AL_Cosmopolitan	Cosmopolitan	GEO	Georgia	-	2014	2014	2014	400	06-Apr-15	06-Apr-15	-	25811659	128	Georgia	unchanged	-	unchanged	2014	unchanged	2014	unchanged	2014	unchanged	-	unchanged		no	no	25811659	unchanged	Unkniwn host
200	U22855	AL_Cosmopolitan	Cosmopolitan	-	-	-	-	-	1995	400	21-Jul-95	21-Jul-95	-	7778285	94254MAD	Madagascar	filled in	-	unchanged	1994	filled in	1994	filled in	1994	updated	Lemuroidea	filled in	Lemur	no	no	7778285	unchanged	
201	U43005	AL_Cosmopolitan	Cosmopolitan	-	-	-	-	-	1999	400	05-Jan-99	29-Jan-99	-	-	9337SUI	Switzerland	filled in	-	unchanged	-	unchanged	-	unchanged	1999	unchanged	-	unchanged		no	no	-	unchanged	From ID - no info 
202	U43015	AL_Cosmopolitan	Cosmopolitan	-	-	-	-	-	1999	400	05-Jan-99	29-Jan-99	-	-	93101TU	Turkey	filled in		unchanged	1992	filled in	1992	filled in	1992	updated	Canis lupus familiaris	filled in		no	no	-	unchanged	Found in a different paper; googled seq ID
176	KU050075	AL_Cosmopolitan	Cosmopolitan	IND	India	IVRI	2014	2014	2014	399	31-Mar-17	31-Mar-17	-	-	Zoo-Rab-24	India	unchanged	IVRI	unchanged	2014	unchanged	2014	unchanged	2014	unchanged	-	unchanged		no	no	-	unchanged	
129	AY705406	AL_Cosmopolitan	Cosmopolitan	RUS	Russia	-	-	-	2007	334	22-Jun-07	26-Jul-16	-	17558542	O	Russia	unchanged	-	unchanged	-	unchanged	-	unchanged	2007	unchanged	Ovis	filled in	Sheep	no	yes	17558542	unchanged	Some sort of sheep vaccine
130	AY705430	AL_Cosmopolitan	Cosmopolitan	RUS	Russia	-	-	-	2007	334	22-Jun-07	26-Jul-16	-	17558542	RV-97	Russia	unchanged	-	unchanged	-	unchanged	-	unchanged	2007	unchanged	-	unchanged		no	yes	17558542	unchanged	vaccine
39	AY340703	AL_Cosmopolitan	Cosmopolitan	-	-	-	-	-	2003	320	31-Dec-03	03-Jun-05	Canis familiaris	14602205	BOL2100	Bolivia	filled in	-	unchanged	-	unchanged	1997	filled in	2001	updated	Canis familiaris	unchanged		no	no	14602205	unchanged	
40	AY340704	AL_Cosmopolitan	Cosmopolitan	-	-	-	-	-	2003	320	31-Dec-03	03-Jun-05	Canis familiaris	14602205	BOL300	Bolivia	filled in	-	unchanged	-	unchanged	1997	filled in	2001	updated	Canis familiaris	unchanged		no	no	14602205	unchanged	
41	AY340705	AL_Cosmopolitan	Cosmopolitan	-	-	-	-	-	2003	320	31-Dec-03	03-Jun-05	Canis familiaris	14602205	BOL25200	Bolivia	filled in	-	unchanged	-	unchanged	1997	filled in	2001	updated	Canis familiaris	unchanged		no	no	14602205	unchanged	
42	AY340706	AL_Cosmopolitan	Cosmopolitan	-	-	-	-	-	2003	320	31-Dec-03	03-Jun-05	Canis familiaris	14602205	BOL27700	Bolivia	filled in	-	unchanged	-	unchanged	1997	filled in	2001	updated	Canis familiaris	unchanged		no	no	14602205	unchanged	
43	AY340707	AL_Cosmopolitan	Cosmopolitan	-	-	-	-	-	2003	320	31-Dec-03	03-Jun-05	Canis familiaris	14602205	BOL2198	Bolivia	filled in	-	unchanged	-	unchanged	1997	filled in	2001	updated	Canis familiaris	unchanged		no	no	14602205	unchanged	
44	AY340708	AL_Cosmopolitan	Cosmopolitan	-	-	-	-	-	2003	320	31-Dec-03	03-Jun-05	Canis familiaris	14602205	BOL500	Bolivia	filled in	-	unchanged	-	unchanged	1997	filled in	2001	updated	Canis familiaris	unchanged		no	no	14602205	unchanged	
45	AY340709	AL_Cosmopolitan	Cosmopolitan	-	-	-	-	-	2003	320	31-Dec-03	03-Jun-05	Canis familiaris	14602205	BOL22000	Bolivia	filled in	-	unchanged	-	unchanged	1997	filled in	2001	updated	Canis familiaris	unchanged		no	no	14602205	unchanged	
46	AY340711	AL_Cosmopolitan	Cosmopolitan	-	-	-	-	-	2003	320	31-Dec-03	03-Jun-05	Canis familiaris	14602205	BOL3897	Bolivia	filled in	-	unchanged	-	unchanged	1997	filled in	2001	updated	Canis familiaris	unchanged		no	no	14602205	unchanged	
47	AY340712	AL_Cosmopolitan	Cosmopolitan	-	-	-	-	-	2003	320	31-Dec-03	03-Jun-05	Felis catus	14602205	BOL9448	Bolivia	filled in	-	unchanged	-	unchanged	1997	filled in	2001	updated	Felis catus	unchanged		no	no	14602205	unchanged	
48	AY340713	AL_Cosmopolitan	Cosmopolitan	-	-	-	-	-	2003	320	31-Dec-03	03-Jun-05	Canis familiaris	14602205	BOL9467	Bolivia	filled in	-	unchanged	-	unchanged	1997	filled in	2001	updated	Canis familiaris	unchanged		no	no	14602205	unchanged	
49	AY340714	AL_Cosmopolitan	Cosmopolitan	-	-	-	-	-	2003	320	31-Dec-03	03-Jun-05	Bos taurus	14602205	BOL8154	Bolivia	filled in	-	unchanged	-	unchanged	1997	filled in	2001	updated	Bos taurus	unchanged		no	no	14602205	unchanged	
50	AY340715	AL_Cosmopolitan	Cosmopolitan	-	-	-	-	-	2003	320	31-Dec-03	03-Jun-05	Canis familiaris	14602205	BOL1798	Bolivia	filled in	-	unchanged	-	unchanged	1997	filled in	2001	updated	Canis familiaris	unchanged		no	no	14602205	unchanged	
51	AY340716	AL_Cosmopolitan	Cosmopolitan	-	-	-	-	-	2003	320	31-Dec-03	03-Jun-05	Canis familiaris	14602205	BOL7498	Bolivia	filled in	-	unchanged	-	unchanged	1997	filled in	2001	updated	Canis familiaris	unchanged		no	no	14602205	unchanged	
52	AY340717	AL_Cosmopolitan	Cosmopolitan	-	-	-	-	-	2003	320	31-Dec-03	03-Jun-05	Canis familiaris	14602205	BOL2599	Bolivia	filled in	-	unchanged	-	unchanged	1997	filled in	2001	updated	Canis familiaris	unchanged		no	no	14602205	unchanged	
53	AY340718	AL_Cosmopolitan	Cosmopolitan	-	-	-	-	-	2003	320	31-Dec-03	03-Jun-05	Canis familiaris	14602205	BOL11599	Bolivia	filled in	-	unchanged	-	unchanged	1997	filled in	2001	updated	Canis familiaris	unchanged		no	no	14602205	unchanged	
54	AY340719	AL_Cosmopolitan	Cosmopolitan	-	-	-	-	-	2003	320	31-Dec-03	03-Jun-05	Canis familiaris	14602205	BOL5998	Bolivia	filled in	-	unchanged	-	unchanged	1997	filled in	2001	updated	Canis familiaris	unchanged		no	no	14602205	unchanged	
55	AY340720	AL_Cosmopolitan	Cosmopolitan	-	-	-	-	-	2003	320	31-Dec-03	03-Jun-05	Canis familiaris	14602205	BOL20100	Bolivia	filled in	-	unchanged	-	unchanged	1997	filled in	2001	updated	Canis familiaris	unchanged		no	no	14602205	unchanged	
56	AY340721	AL_Cosmopolitan	Cosmopolitan	-	-	-	-	-	2003	320	31-Dec-03	03-Jun-05	Canis familiaris	14602205	BOL20200	Bolivia	filled in	-	unchanged	-	unchanged	1997	filled in	2001	updated	Canis familiaris	unchanged		no	no	14602205	unchanged	
57	AY340722	AL_Cosmopolitan	Cosmopolitan	-	-	-	-	-	2003	320	31-Dec-03	03-Jun-05	Canis familiaris	14602205	BOL22200	Bolivia	filled in	-	unchanged	-	unchanged	1997	filled in	2001	updated	Canis familiaris	unchanged		no	no	14602205	unchanged	
58	AY340723	AL_Cosmopolitan	Cosmopolitan	-	-	-	-	-	2003	320	31-Dec-03	03-Jun-05	Canis familiaris	14602205	BOL22700	Bolivia	filled in	-	unchanged	-	unchanged	1997	filled in	2001	updated	Canis familiaris	unchanged		no	no	14602205	unchanged	
59	AY340724	AL_Cosmopolitan	Cosmopolitan	-	-	-	-	-	2003	320	31-Dec-03	03-Jun-05	Canis familiaris	14602205	BOL24700	Bolivia	filled in	-	unchanged	-	unchanged	1997	filled in	2001	updated	Canis familiaris	unchanged		no	no	14602205	unchanged	
60	AY340725	AL_Cosmopolitan	Cosmopolitan	-	-	-	-	-	2003	320	31-Dec-03	03-Jun-05	Canis familiaris	14602205	BOL8050	Bolivia	filled in	-	unchanged	-	unchanged	1997	filled in	2001	updated	Canis familiaris	unchanged		no	no	14602205	unchanged	
61	AY340726	AL_Cosmopolitan	Cosmopolitan	-	-	-	-	-	2003	320	31-Dec-03	03-Jun-05	Canis familiaris	14602205	BOL19800	Bolivia	filled in	-	unchanged	-	unchanged	1997	filled in	2001	updated	Canis familiaris	unchanged		no	no	14602205	unchanged	
62	AY340727	AL_Cosmopolitan	Cosmopolitan	-	-	-	-	-	2003	320	31-Dec-03	03-Jun-05	Canis familiaris	14602205	BOL1397	Bolivia	filled in	-	unchanged	-	unchanged	1997	filled in	2001	updated	Canis familiaris	unchanged		no	no	14602205	unchanged	
63	AY340728	AL_Cosmopolitan	Cosmopolitan	-	-	-	-	-	2003	320	31-Dec-03	03-Jun-05	Canis familiaris	14602205	BOL10197	Bolivia	filled in	-	unchanged	-	unchanged	1997	filled in	2001	updated	Canis familiaris	unchanged		no	no	14602205	unchanged	
64	AY340729	AL_Cosmopolitan	Cosmopolitan	-	-	-	-	-	2003	320	31-Dec-03	03-Jun-05	Canis familiaris	14602205	BOL9299	Bolivia	filled in	-	unchanged	-	unchanged	1997	filled in	2001	updated	Canis familiaris	unchanged		no	no	14602205	unchanged	
65	AY340730	AL_Cosmopolitan	Cosmopolitan	-	-	-	-	-	2003	320	31-Dec-03	03-Jun-05	Canis familiaris	14602205	BOL799	Bolivia	filled in	-	unchanged	-	unchanged	1997	filled in	2001	updated	Canis familiaris	unchanged		no	no	14602205	unchanged	
66	AY340731	AL_Cosmopolitan	Cosmopolitan	-	-	-	-	-	2003	320	31-Dec-03	03-Jun-05	Canis familiaris	14602205	BOL9254	Bolivia	filled in	-	unchanged	-	unchanged	1997	filled in	2001	updated	Canis familiaris	unchanged		no	no	14602205	unchanged	
67	AY340732	AL_Cosmopolitan	Cosmopolitan	-	-	-	-	-	2003	320	31-Dec-03	03-Jun-05	Canis familiaris	14602205	BOL27100	Bolivia	filled in	-	unchanged	-	unchanged	1997	filled in	2001	updated	Canis familiaris	unchanged		no	no	14602205	unchanged	
68	AY340733	AL_Cosmopolitan	Cosmopolitan	-	-	-	-	-	2003	320	31-Dec-03	03-Jun-05	Canis familiaris	14602205	BOL26300	Bolivia	filled in	-	unchanged	-	unchanged	1997	filled in	2001	updated	Canis familiaris	unchanged		no	no	14602205	unchanged	
69	AY340734	AL_Cosmopolitan	Cosmopolitan	-	-	-	-	-	2003	320	31-Dec-03	03-Jun-05	Canis familiaris	14602205	BOL18800	Bolivia	filled in	-	unchanged	-	unchanged	1997	filled in	2001	updated	Canis familiaris	unchanged		no	no	14602205	unchanged	
70	AY340735	AL_Cosmopolitan	Cosmopolitan	-	-	-	-	-	2003	320	31-Dec-03	03-Jun-05	Canis familiaris	14602205	BOL197	Bolivia	filled in	-	unchanged	-	unchanged	1997	filled in	2001	updated	Canis familiaris	unchanged		no	no	14602205	unchanged	
71	AY340736	AL_Cosmopolitan	Cosmopolitan	-	-	-	-	-	2003	320	31-Dec-03	03-Jun-05	Canis familiaris	14602205	BOL19700	Bolivia	filled in	-	unchanged	-	unchanged	1997	filled in	2001	updated	Canis familiaris	unchanged		no	no	14602205	unchanged	
72	AY340737	AL_Cosmopolitan	Cosmopolitan	-	-	-	-	-	2003	320	31-Dec-03	03-Jun-05	Canis familiaris	14602205	BOL19900	Bolivia	filled in	-	unchanged	-	unchanged	1997	filled in	2001	updated	Canis familiaris	unchanged		no	no	14602205	unchanged	
73	AY340738	AL_Cosmopolitan	Cosmopolitan	-	-	-	-	-	2003	320	31-Dec-03	03-Jun-05	Canis familiaris	14602205	BOL21300	Bolivia	filled in	-	unchanged	-	unchanged	1997	filled in	2001	updated	Canis familiaris	unchanged		no	no	14602205	unchanged	
74	AY340739	AL_Cosmopolitan	Cosmopolitan	-	-	-	-	-	2003	320	31-Dec-03	03-Jun-05	Canis familiaris	14602205	BOL12299	Bolivia	filled in	-	unchanged	-	unchanged	1997	filled in	2001	updated	Canis familiaris	unchanged		no	no	14602205	unchanged	
75	AY340740	AL_Cosmopolitan	Cosmopolitan	-	-	-	-	-	2003	320	31-Dec-03	03-Jun-05	Canis familiaris	14602205	BOL19600	Bolivia	filled in	-	unchanged	-	unchanged	1997	filled in	2001	updated	Canis familiaris	unchanged		no	no	14602205	unchanged	
76	AY340741	AL_Cosmopolitan	Cosmopolitan	-	-	-	-	-	2003	320	31-Dec-03	03-Jun-05	Canis familiaris	14602205	BOL9475	Bolivia	filled in	-	unchanged	-	unchanged	1997	filled in	2001	updated	Canis familiaris	unchanged		no	no	14602205	unchanged	
77	AY340742	AL_Cosmopolitan	Cosmopolitan	-	-	-	-	-	2003	320	31-Dec-03	03-Jun-05	Canis familiaris	14602205	BOL700	Bolivia	filled in	-	unchanged	-	unchanged	1997	filled in	2001	updated	Canis familiaris	unchanged		no	no	14602205	unchanged	
78	AY340743	AL_Cosmopolitan	Cosmopolitan	-	-	-	-	-	2003	320	31-Dec-03	03-Jun-05	Canis familiaris	14602205	BOL12099	Bolivia	filled in	-	unchanged	-	unchanged	1997	filled in	2001	updated	Canis familiaris	unchanged		no	no	14602205	unchanged	
79	AY340744	AL_Cosmopolitan	Cosmopolitan	-	-	-	-	-	2003	320	31-Dec-03	03-Jun-05	Canis familiaris	14602205	BOL8000	Bolivia	filled in	-	unchanged	-	unchanged	1997	filled in	2001	updated	Canis familiaris	unchanged		no	no	14602205	unchanged	
80	AY340745	AL_Cosmopolitan	Cosmopolitan	-	-	-	-	-	2003	320	31-Dec-03	03-Jun-05	Sus scrofa	14602205	BOL8897	Bolivia	filled in	-	unchanged	-	unchanged	1997	filled in	2001	updated	Sus scrofa	unchanged		no	no	14602205	unchanged	
81	AY340746	AL_Cosmopolitan	Cosmopolitan	-	-	-	-	-	2003	320	31-Dec-03	03-Jun-05	Canis familiaris	14602205	BOL9400	Bolivia	filled in	-	unchanged	-	unchanged	1997	filled in	2001	updated	Canis familiaris	unchanged		no	no	14602205	unchanged	
82	AY340747	AL_Cosmopolitan	Cosmopolitan	-	-	-	-	-	2003	320	31-Dec-03	03-Jun-05	Canis familiaris	14602205	BOL12699	Bolivia	filled in	-	unchanged	-	unchanged	1997	filled in	2001	updated	Canis familiaris	unchanged		no	no	14602205	unchanged	
83	AY340748	AL_Cosmopolitan	Cosmopolitan	-	-	-	-	-	2003	320	31-Dec-03	03-Jun-05	Canis familiaris	14602205	BOL3500	Bolivia	filled in	-	unchanged	-	unchanged	1997	filled in	2001	updated	Canis familiaris	unchanged		no	no	14602205	unchanged	
84	AY340749	AL_Cosmopolitan	Cosmopolitan	-	-	-	-	-	2003	320	31-Dec-03	03-Jun-05	Canis familiaris	14602205	BOL7299	Bolivia	filled in	-	unchanged	-	unchanged	1997	filled in	2001	updated	Canis familiaris	unchanged		no	no	14602205	unchanged	
85	AY340750	AL_Cosmopolitan	Cosmopolitan	-	-	-	-	-	2003	320	31-Dec-03	03-Jun-05	Canis familiaris	14602205	BOL9097	Bolivia	filled in	-	unchanged	-	unchanged	1997	filled in	2001	updated	Canis familiaris	unchanged		no	no	14602205	unchanged	
86	AY340751	AL_Cosmopolitan	Cosmopolitan	-	-	-	-	-	2003	320	31-Dec-03	03-Jun-05	Canis familiaris	14602205	BOL13599	Bolivia	filled in	-	unchanged	-	unchanged	1997	filled in	2001	updated	Canis familiaris	unchanged		no	no	14602205	unchanged	
87	AY340752	AL_Cosmopolitan	Cosmopolitan	-	-	-	-	-	2003	320	31-Dec-03	03-Jun-05	Canis familiaris	14602205	BOL17500	Bolivia	filled in	-	unchanged	-	unchanged	1997	filled in	2001	updated	Canis familiaris	unchanged		no	no	14602205	unchanged	
88	AY340753	AL_Cosmopolitan	Cosmopolitan	-	-	-	-	-	2003	320	31-Dec-03	03-Jun-05	Canis familiaris	14602205	BOL24500	Bolivia	filled in	-	unchanged	-	unchanged	1997	filled in	2001	updated	Canis familiaris	unchanged		no	no	14602205	unchanged	
89	AY340754	AL_Cosmopolitan	Cosmopolitan	-	-	-	-	-	2003	320	31-Dec-03	03-Jun-05	Canis familiaris	14602205	BOL9030	Bolivia	filled in	-	unchanged	-	unchanged	1997	filled in	2001	updated	Canis familiaris	unchanged		no	no	14602205	unchanged	
90	AY340755	AL_Cosmopolitan	Cosmopolitan	-	-	-	-	-	2003	320	31-Dec-03	03-Jun-05	Canis familiaris	14602205	BOL6899	Bolivia	filled in	-	unchanged	-	unchanged	1997	filled in	2001	updated	Canis familiaris	unchanged		no	no	14602205	unchanged	
91	AY340756	AL_Cosmopolitan	Cosmopolitan	-	-	-	-	-	2003	320	31-Dec-03	03-Jun-05	Canis familiaris	14602205	BOL7699	Bolivia	filled in	-	unchanged	-	unchanged	1997	filled in	2001	updated	Canis familiaris	unchanged		no	no	14602205	unchanged	
92	AY340757	AL_Cosmopolitan	Cosmopolitan	-	-	-	-	-	2003	320	31-Dec-03	03-Jun-05	Canis familiaris	14602205	BOL9300	Bolivia	filled in	-	unchanged	-	unchanged	1997	filled in	2001	updated	Canis familiaris	unchanged		no	no	14602205	unchanged	
93	AY340758	AL_Cosmopolitan	Cosmopolitan	-	-	-	-	-	2003	320	31-Dec-03	03-Jun-05	Canis familiaris	14602205	BOL10099	Bolivia	filled in	-	unchanged	-	unchanged	1997	filled in	2001	updated	Canis familiaris	unchanged		no	no	14602205	unchanged	
94	AY340759	AL_Cosmopolitan	Cosmopolitan	-	-	-	-	-	2003	320	31-Dec-03	03-Jun-05	Canis familiaris	14602205	BOL10299	Bolivia	filled in	-	unchanged	-	unchanged	1997	filled in	2001	updated	Canis familiaris	unchanged		no	no	14602205	unchanged	
95	AY340760	AL_Cosmopolitan	Cosmopolitan	-	-	-	-	-	2003	320	31-Dec-03	03-Jun-05	Canis familiaris	14602205	BOL11799	Bolivia	filled in	-	unchanged	-	unchanged	1997	filled in	2001	updated	Canis familiaris	unchanged		no	no	14602205	unchanged	
96	AY340761	AL_Cosmopolitan	Cosmopolitan	-	-	-	-	-	2003	320	31-Dec-03	03-Jun-05	Canis familiaris	14602205	BOL8499	Bolivia	filled in	-	unchanged	-	unchanged	1997	filled in	2001	updated	Canis familiaris	unchanged		no	no	14602205	unchanged	
97	AY340762	AL_Cosmopolitan	Cosmopolitan	-	-	-	-	-	2003	320	31-Dec-03	03-Jun-05	Canis familiaris	14602205	BOL9599	Bolivia	filled in	-	unchanged	-	unchanged	1997	filled in	2001	updated	Canis familiaris	unchanged		no	no	14602205	unchanged	
98	AY340763	AL_Cosmopolitan	Cosmopolitan	-	-	-	-	-	2003	320	31-Dec-03	03-Jun-05	Canis familiaris	14602205	BOL10999	Bolivia	filled in	-	unchanged	-	unchanged	1997	filled in	2001	updated	Canis familiaris	unchanged		no	no	14602205	unchanged	
99	AY340764	AL_Cosmopolitan	Cosmopolitan	-	-	-	-	-	2003	320	31-Dec-03	03-Jun-05	Canis familiaris	14602205	BOL12199	Bolivia	filled in	-	unchanged	-	unchanged	1997	filled in	2001	updated	Canis familiaris	unchanged		no	no	14602205	unchanged	
100	AY340765	AL_Cosmopolitan	Cosmopolitan	-	-	-	-	-	2003	320	31-Dec-03	03-Jun-05	Canis familiaris	14602205	BOL26900	Bolivia	filled in	-	unchanged	-	unchanged	1997	filled in	2001	updated	Canis familiaris	unchanged		no	no	14602205	unchanged	
101	AY340766	AL_Cosmopolitan	Cosmopolitan	-	-	-	-	-	2003	320	31-Dec-03	03-Jun-05	Canis familiaris	14602205	BOL25500	Bolivia	filled in	-	unchanged	-	unchanged	1997	filled in	2001	updated	Canis familiaris	unchanged		no	no	14602205	unchanged	
102	AY340767	AL_Cosmopolitan	Cosmopolitan	-	-	-	-	-	2003	320	31-Dec-03	03-Jun-05	Canis familiaris	14602205	BOL16900	Bolivia	filled in	-	unchanged	-	unchanged	1997	filled in	2001	updated	Canis familiaris	unchanged		no	no	14602205	unchanged	
103	AY340768	AL_Cosmopolitan	Cosmopolitan	-	-	-	-	-	2003	320	31-Dec-03	03-Jun-05	Canis familiaris	14602205	BOL16000	Bolivia	filled in	-	unchanged	-	unchanged	1997	filled in	2001	updated	Canis familiaris	unchanged		no	no	14602205	unchanged	
104	AY340769	AL_Cosmopolitan	Cosmopolitan	-	-	-	-	-	2003	320	31-Dec-03	03-Jun-05	Canis familiaris	14602205	BOL10700	Bolivia	filled in	-	unchanged	-	unchanged	1997	filled in	2001	updated	Canis familiaris	unchanged		no	no	14602205	unchanged	
105	AY340770	AL_Cosmopolitan	Cosmopolitan	-	-	-	-	-	2003	320	31-Dec-03	03-Jun-05	Canis familiaris	14602205	BOL19500	Bolivia	filled in	-	unchanged	-	unchanged	1997	filled in	2001	updated	Canis familiaris	unchanged		no	no	14602205	unchanged	
106	AY340772	AL_Cosmopolitan	Cosmopolitan	-	-	-	-	-	2003	320	31-Dec-03	03-Jun-05	Canis familiaris	14602205	BOL6597	Bolivia	filled in	-	unchanged	-	unchanged	1997	filled in	2001	updated	Canis familiaris	unchanged		no	no	14602205	unchanged	
107	AY340773	AL_Cosmopolitan	Cosmopolitan	-	-	-	-	-	2003	320	31-Dec-03	03-Jun-05	Canis familiaris	14602205	BOL9600	Bolivia	filled in	-	unchanged	-	unchanged	1997	filled in	2001	updated	Canis familiaris	unchanged		no	no	14602205	unchanged	
108	AY340774	AL_Cosmopolitan	Cosmopolitan	-	-	-	-	-	2003	320	31-Dec-03	03-Jun-05	Canis familiaris	14602205	BOL8003	Bolivia	filled in	-	unchanged	-	unchanged	1997	filled in	2001	updated	Canis familiaris	unchanged		no	no	14602205	unchanged	
109	AY340775	AL_Cosmopolitan	Cosmopolitan	-	-	-	-	-	2003	320	31-Dec-03	03-Jun-05	Canis familiaris	14602205	BOL28400	Bolivia	filled in	-	unchanged	-	unchanged	1997	filled in	2001	updated	Canis familiaris	unchanged		no	no	14602205	unchanged	
110	AY340776	AL_Cosmopolitan	Cosmopolitan	-	-	-	-	-	2003	320	31-Dec-03	03-Jun-05	Canis familiaris	14602205	BOL2697	Bolivia	filled in	-	unchanged	-	unchanged	1997	filled in	2001	updated	Canis familiaris	unchanged		no	no	14602205	unchanged	
111	AY340777	AL_Cosmopolitan	Cosmopolitan	-	-	-	-	-	2003	320	31-Dec-03	03-Jun-05	Canis familiaris	14602205	BOL7800	Bolivia	filled in	-	unchanged	-	unchanged	1997	filled in	2001	updated	Canis familiaris	unchanged		no	no	14602205	unchanged	
112	AY340778	AL_Cosmopolitan	Cosmopolitan	-	-	-	-	-	2003	320	31-Dec-03	03-Jun-05	Canis familiaris	14602205	BOL6498	Bolivia	filled in	-	unchanged	-	unchanged	1997	filled in	2001	updated	Canis familiaris	unchanged		no	no	14602205	unchanged	
113	AY340779	AL_Cosmopolitan	Cosmopolitan	-	-	-	-	-	2003	320	31-Dec-03	03-Jun-05	Canis familiaris	14602205	BOL8399	Bolivia	filled in	-	unchanged	-	unchanged	1997	filled in	2001	updated	Canis familiaris	unchanged		no	no	14602205	unchanged	
114	AY340780	AL_Cosmopolitan	Cosmopolitan	-	-	-	-	-	2003	320	31-Dec-03	03-Jun-05	Canis familiaris	14602205	BOL8899	Bolivia	filled in	-	unchanged	-	unchanged	1997	filled in	2001	updated	Canis familiaris	unchanged		no	no	14602205	unchanged	
115	AY340781	AL_Cosmopolitan	Cosmopolitan	-	-	-	-	-	2003	320	31-Dec-03	03-Jun-05	Canis familiaris	14602205	BOL9566	Bolivia	filled in	-	unchanged	-	unchanged	1997	filled in	2001	updated	Canis familiaris	unchanged		no	no	14602205	unchanged	
116	AY340785	AL_Cosmopolitan	Cosmopolitan	-	-	-	-	-	2003	320	31-Dec-03	03-Jun-05	Canis familiaris	14602205	BOL27500	Bolivia	filled in	-	unchanged	-	unchanged	1997	filled in	2001	updated	Canis familiaris	unchanged		no	no	14602205	unchanged	
117	AY340786	AL_Cosmopolitan	Cosmopolitan	-	-	-	-	-	2003	320	31-Dec-03	03-Jun-05	Homo sapiens	14602205	BOL25400	Bolivia	filled in	-	unchanged	-	unchanged	1997	filled in	2001	updated	Homo sapiens	unchanged		no	no	14602205	unchanged	
118	AY561807	AL_Cosmopolitan	Cosmopolitan	MEX	Mexico	Baja California Sur	-	-	2004	267	10-Mar-04	25-May-05	-	15896399	3265bcssk01	Mexico	unchanged	Baja California Sur	unchanged	2001	filled in	2001	filled in	2001	updated	Mephitidae	filled in	Skunk	no	no	15896399	unchanged	
119	AY561808	AL_Cosmopolitan	Cosmopolitan	MEX	Mexico	Baja California Sur	-	-	2004	267	10-Mar-04	25-May-05	-	15896399	3290bcssk02	Mexico	unchanged	Baja California Sur	unchanged	2002	filled in	2002	filled in	2002	updated	Mephitidae	filled in	Skunk	no	no	15896399	unchanged	
120	AY561809	AL_Cosmopolitan	Cosmopolitan	MEX	Mexico	Baja California Sur	-	-	2004	267	10-Mar-04	25-May-05	-	15896399	3259bcsbv02	Mexico	unchanged	Baja California Sur	unchanged	2002	filled in	2002	filled in	2002	updated	Bos taurus	filled in		no	no	15896399	unchanged	
121	AY561818	AL_Cosmopolitan	Cosmopolitan	MEX	Mexico	Yucatan	-	-	2004	267	10-Mar-04	25-May-05	-	15896399	4475yucdeer99	Mexico	unchanged	Yucatan	unchanged	1999	filled in	1999	filled in	1999	updated	Cervidae	filled in	Deer	no	no	15896399	unchanged	
122	AY561819	AL_Cosmopolitan	Cosmopolitan	MEX	Mexico	Yucatan	-	-	2004	267	10-Mar-04	25-May-05	-	15896399	4463yuctepz99	Mexico	unchanged	Yucatan	unchanged	1999	filled in	1999	filled in	1999	updated	Dasyprocta	filled in	Agouti	no	no	15896399	unchanged	
123	AY561820	AL_Cosmopolitan	Cosmopolitan	MEX	Mexico	Yucatan	-	-	2004	267	10-Mar-04	25-May-05	-	15896399	4464yuctepz99	Mexico	unchanged	Yucatan	unchanged	1999	unchanged	1999	unchanged	2004	unchanged	Dasyprocta	filled in	Agouti	no	no	15896399	unchanged	
124	AY561821	AL_Cosmopolitan	Cosmopolitan	MEX	Mexico	Yucatan	-	-	2004	267	10-Mar-04	25-May-05	-	15896399	4466yucuknW5	Mexico	unchanged	Yucatan	unchanged	-	unchanged	-	unchanged	2004	unchanged	-	unchanged		no	no	15896399	unchanged	
125	AY561822	AL_Cosmopolitan	Cosmopolitan	MEX	Mexico	Yucatan	-	-	2004	267	10-Mar-04	25-May-05	-	15896399	4471yucsk01	Mexico	unchanged	Yucatan	unchanged	2001	unchanged	2001	unchanged	2004	unchanged	Mephitidae	filled in	Skunk	no	no	15896399	unchanged	
36	AY192407	AL_Cosmopolitan	Cosmopolitan	-	-	-	-	-	2003	258	04-Feb-03	24-Jul-16	-	12655080	C31/97	Columbia	filled in	Ibagu√©-Tolima	filled in	1997	filled in	1997	filled in	1997	updated	Canis lupus familiaris	filled in		no	no	12655080	unchanged	
127	AY702667	AL_Cosmopolitan	Cosmopolitan	-	-	-	-	-	2007	243	22-Jun-07	29-Aug-07	-	17558542	O	-	unchanged	-	unchanged	-	unchanged	-	unchanged	2007	unchanged	Ovis	filled in	Sheep	no	yes	17558542	unchanged	Some sort of sheep vaccine
128	AY702690	AL_Cosmopolitan	Cosmopolitan	-	-	-	-	-	2007	243	22-Jun-07	29-Aug-07	-	17558542	RV-97	-	unchanged	-	unchanged	-	unchanged	-	unchanged	2007	unchanged	-	unchanged		no	yes	17558542	unchanged	Vaccine 
177	KU055600	AL_Cosmopolitan	Cosmopolitan	-	-	-	-	-	2016	211	15-Jul-16	15-Jul-16	-	27380028	HEP	-	unchanged	-	unchanged	-	unchanged	-	unchanged	2016	unchanged	-	unchanged		no	yes	27380028	unchanged	From Isolate name - HEP
178	KU055601	AL_Cosmopolitan	Cosmopolitan	-	-	-	-	-	2016	211	15-Jul-16	15-Jul-16	-	27380028	LEP	-	unchanged	-	unchanged	-	unchanged	-	unchanged	2016	unchanged	-	unchanged		no	yes	27380028	unchanged	From Isolate name - LEP
194	M12771	AL_Cosmopolitan	Cosmopolitan	-	-	-	-	-	1993	203	03-Aug-93	01-Sep-88	-	6328006	-	-	unchanged	-	unchanged	-	unchanged	-	unchanged	1993	unchanged	-	unchanged		yes	no	6328006	unchanged	BHK-21 lab construct