sequenceID	updated_host	iso_source	minor_clade	major_clade	collection_month	collection_month_day	collection_year	vaccine_strain	isolate
AY561819	Agouti paca	Agouti paca	-	Cosmopolitan	-	-	-	-	4463yuctepz99
AY561820	Agouti paca	Agouti paca	-	Cosmopolitan	-	-	-	-	4464yuctepz99
AB206423	Bos taurus	bovine	DR	Bats	-	-	-	-	BR-Pbv1
AB206429	Bos taurus	bovine	DR	Bats	-	-	-	-	BR-Pbv10
AB206430	Bos taurus	bovine	DR	Bats	-	-	-	-	BR-Pbv11
AB206431	Bos taurus	bovine	DR	Bats	-	-	-	-	BR-Pbv12
AB206432	Bos taurus	bovine	DR	Bats	-	-	-	-	BR-Pbv13
AB206433	Bos taurus	bovine	DR	Bats	-	-	-	-	BR-Pbv14
AB206434	Bos taurus	bovine	DR	Bats	-	-	-	-	BR-Pbv15
AB206435	Bos taurus	bovine	DR	Bats	-	-	-	-	BR-Pbv16
AB206436	Bos taurus	bovine	DR	Bats	-	-	-	-	BR-Pbv18
AB206424	Bos taurus	bovine	DR	Bats	-	-	-	-	BR-Pbv2
AB206425	Bos taurus	bovine	DR	Bats	-	-	-	-	BR-Pbv3
AB206426	Bos taurus	bovine	DR	Bats	-	-	-	-	BR-Pbv5
AB206427	Bos taurus	bovine	DR	Bats	-	-	-	-	BR-Pbv7
AB206428	Bos taurus	bovine	DR	Bats	-	-	-	-	BR-Pbv8
AB516691	Bos taurus	bovine	DR	Bats	-	-	-	-	BRbv1001
AB516692	Bos taurus	bovine	DR	Bats	-	-	-	-	BRbv1005
AB516693	Bos taurus	bovine	DR	Bats	-	-	-	-	BRbv1006
AB516694	Bos taurus	bovine	DR	Bats	-	-	-	-	BRbv1008
AB516695	Bos taurus	bovine	DR	Bats	-	-	-	-	BRbv1009
AB516696	Bos taurus	bovine	DR	Bats	-	-	-	-	BRbv1010
AB516697	Bos taurus	bovine	DR	Bats	-	-	-	-	BRbv1012
AB516698	Bos taurus	bovine	DR	Bats	-	-	-	-	BRbv1013
AB516699	Bos taurus	bovine	DR	Bats	-	-	-	-	BRbv1016
AB516700	Bos taurus	bovine	DR	Bats	-	-	-	-	BRbv1017
AB516701	Bos taurus	bovine	DR	Bats	-	-	-	-	BRbv1018
AB516702	Bos taurus	bovine	DR	Bats	-	-	-	-	BRbv1019
AB516703	Bos taurus	bovine	DR	Bats	-	-	-	-	BRbv1020
AB516704	Bos taurus	bovine	DR	Bats	-	-	-	-	BRbv1021
AB516705	Bos taurus	bovine	DR	Bats	-	-	-	-	BRbv1022
AB516706	Bos taurus	bovine	DR	Bats	-	-	-	-	BRbv1023
AB516707	Bos taurus	bovine	DR	Bats	-	-	-	-	BRbv1024
AB516708	Bos taurus	bovine	DR	Bats	-	-	-	-	BRbv1025
AB516709	Bos taurus	bovine	DR	Bats	-	-	-	-	BRbv1026
AB516710	Bos taurus	bovine	DR	Bats	-	-	-	-	BRbv1028
AB516711	Bos taurus	bovine	DR	Bats	-	-	-	-	BRbv1029
AB516712	Bos taurus	bovine	DR	Bats	-	-	-	-	BRbv1030
AB516713	Bos taurus	bovine	DR	Bats	-	-	-	-	BRbv1031
AB516714	Bos taurus	bovine	DR	Bats	-	-	-	-	BRbv1032
AB516715	Bos taurus	bovine	DR	Bats	-	-	-	-	BRbv1033
AB516716	Bos taurus	bovine	DR	Bats	-	-	-	-	BRbv1034
AB516717	Bos taurus	bovine	DR	Bats	-	-	-	-	BRbv1035
AB516718	Bos taurus	bovine	DR	Bats	-	-	-	-	BRbv1038
AB516719	Bos taurus	bovine	DR	Bats	-	-	-	-	BRbv1041
AB516720	Bos taurus	bovine	DR	Bats	-	-	-	-	BRbv1046
AB516721	Bos taurus	bovine	DR	Bats	-	-	-	-	BRbv1047
AB516722	Bos taurus	bovine	DR	Bats	-	-	-	-	BRbv1048
AB516723	Bos taurus	bovine	DR	Bats	-	-	-	-	BRbv1049
AB516724	Bos taurus	bovine	DR	Bats	-	-	-	-	BRbv1050
AB516728	Bos taurus	bovine	DR	Bats	-	-	-	-	BRbv1054
AB516995	Bos taurus	bovine	DR	Bats	-	-	-	-	BRbv1056
AB516996	Bos taurus	bovine	DR	Bats	-	-	-	-	BRbv1057
AB516998	Bos taurus	bovine	DR	Bats	-	-	-	-	BRbv1060
AB516730	Bos taurus	bovine	DR	Bats	-	-	-	-	BRbv1061
AB516731	Bos taurus	bovine	DR	Bats	-	-	-	-	BRbv1062
AB516732	Bos taurus	bovine	DR	Bats	-	-	-	-	BRbv1063
AB516733	Bos taurus	bovine	DR	Bats	-	-	-	-	BRbv1064
AB516735	Bos taurus	bovine	DR	Bats	-	-	-	-	BRbv1087
AB516736	Bos taurus	bovine	DR	Bats	-	-	-	-	BRbv1088
AB516737	Bos taurus	bovine	DR	Bats	-	-	-	-	BRbv1089
AB516738	Bos taurus	bovine	DR	Bats	-	-	-	-	BRbv1090
AB516739	Bos taurus	bovine	DR	Bats	-	-	-	-	BRbv1094
AB516740	Bos taurus	bovine	DR	Bats	-	-	-	-	BRbv1097
AB516741	Bos taurus	bovine	DR	Bats	-	-	-	-	BRbv1099
AB516742	Bos taurus	bovine	DR	Bats	-	-	-	-	BRbv1101
AB516743	Bos taurus	bovine	DR	Bats	-	-	-	-	BRbv1109
AB516744	Bos taurus	bovine	DR	Bats	-	-	-	-	BRbv1119
AB516745	Bos taurus	bovine	DR	Bats	-	-	-	-	BRbv972
AB516746	Bos taurus	bovine	DR	Bats	-	-	-	-	BRbv976
AB516747	Bos taurus	bovine	DR	Bats	-	-	-	-	BRbv977
AB516748	Bos taurus	bovine	DR	Bats	-	-	-	-	BRbv978
AB516749	Bos taurus	bovine	DR	Bats	-	-	-	-	BRbv979
AB516750	Bos taurus	bovine	DR	Bats	-	-	-	-	BRbv980
AB516751	Bos taurus	bovine	DR	Bats	-	-	-	-	BRbv982
AB516752	Bos taurus	bovine	DR	Bats	-	-	-	-	BRbv987
AB516753	Bos taurus	bovine	DR	Bats	-	-	-	-	BRbv988
DQ652193	Bos taurus	bovine	DR	Bats	-	-	1999	-	LVC04
EU589977	Bos taurus	brain	ME1a	Cosmopolitan	-	-	-	-	Cow0081/1999
EU590002	Bos taurus	brain	ME2	Cosmopolitan	-	-	-	-	Cow0095/2005
EU590009	Bos taurus	brain	ME2	Cosmopolitan	-	-	-	-	Cow0313/2005
EU590007	Bos taurus	brain	ME2	Cosmopolitan	-	-	-	-	Cow1211/2004
EU590003	Bos taurus	brain	ME2	Cosmopolitan	-	-	-	-	Cow3339/2005
EU590004	Bos taurus	brain	ME2	Cosmopolitan	-	-	-	-	Cow3400/2005
EU590006	Bos taurus	brain	ME2	Cosmopolitan	-	-	-	-	Cow4097/2005
EU589995	Bos taurus	brain	ME2	Cosmopolitan	-	-	-	-	Cow4414/2005
EU589990	Bos taurus	brain	ME2	Cosmopolitan	-	-	-	-	Cow5152/2005
EU590037	Bos taurus	brain	ME2	Cosmopolitan	-	-	-	-	Cow5355/2006
EU589966	Bos taurus	brain	ME1a	Cosmopolitan	-	-	-	-	Cow7597/1999
EU589980	Bos taurus	brain	ME1a	Cosmopolitan	-	-	-	-	Cow7615/2000
EU589991	Bos taurus	brain	ME2	Cosmopolitan	-	-	-	-	Cow7626/2005
EU589988	Bos taurus	brain	ME1a	Cosmopolitan	-	-	-	-	Cow8437/2005
AB294353	Bos taurus	brain of Bos taurus	SEA2a	Asian	-	-	-	-	CHbv7
AB294355	Bos taurus	brain of Bos taurus	SEA2a	Asian	-	-	-	-	CHbv9
DQ105950	Bos taurus	calf brain	AL1a	Arctic	-	-	-	-	R110
DQ105951	Bos taurus	calf brain	AL1a	Arctic	-	-	-	-	R114
AY259842	Bos taurus	calf; Chennai 1996	-	Indian-Sub	-	-	-	-	CchC1
AY259852	Bos taurus	calf; Chennai 1998	-	-	-	-	-	-	CchTAT
AB246216	Bos taurus	cattle	DR	Bats	-	-	-	-	BRbv103
AB246217	Bos taurus	cattle	DR	Bats	-	-	-	-	BRbv106
AB623080	Bos taurus	Cattle	DR	Bats	-	-	2004	-	BRbv1169
AB623081	Bos taurus	Cattle	DR	Bats	-	-	2004	-	BRbv1170
AB623082	Bos taurus	Cattle	DR	Bats	-	-	2004	-	BRbv1172
AB623083	Bos taurus	Cattle	DR	Bats	-	-	2004	-	BRbv1173
AB623084	Bos taurus	Cattle	DR	Bats	-	-	2004	-	BRbv1174
AB623085	Bos taurus	Cattle	DR	Bats	-	-	2005	-	BRbv1176
AB623086	Bos taurus	Cattle	DR	Bats	-	-	2005	-	BRbv1177
AB623087	Bos taurus	Cattle	DR	Bats	-	-	2006	-	BRbv1179
AB246218	Bos taurus	cattle	DR	Bats	-	-	-	-	BRbv118
AB623088	Bos taurus	Cattle	DR	Bats	-	-	2006	-	BRbv1180
AB623089	Bos taurus	Cattle	DR	Bats	-	-	2006	-	BRbv1181
AB623090	Bos taurus	Cattle	DR	Bats	-	-	2006	-	BRbv1182
AB623091	Bos taurus	Cattle	DR	Bats	-	-	2006	-	BRbv1183
AB623092	Bos taurus	Cattle	DR	Bats	-	-	2006	-	BRbv1184
AB623093	Bos taurus	Cattle	DR	Bats	-	-	2007	-	BRbv1186
AB623094	Bos taurus	Cattle	DR	Bats	-	-	2007	-	BRbv1187
AB623095	Bos taurus	Cattle	DR	Bats	-	-	2007	-	BRbv1189
AB246219	Bos taurus	cattle	DR	Bats	-	-	-	-	BRbv119
AB623096	Bos taurus	Cattle	DR	Bats	-	-	2007	-	BRbv1190
AB623097	Bos taurus	Cattle	DR	Bats	-	-	2007	-	BRbv1193
AB623098	Bos taurus	Cattle	DR	Bats	-	-	2007	-	BRbv1194
AB623099	Bos taurus	Cattle	DR	Bats	-	-	2007	-	BRbv1197
AB623106	Bos taurus	Cattle	DR	Bats	-	-	2007	-	BRbv1198
AB623100	Bos taurus	Cattle	DR	Bats	-	-	2008	-	BRbv1199
AB623101	Bos taurus	Cattle	DR	Bats	-	-	2008	-	BRbv1200
AB623102	Bos taurus	Cattle	DR	Bats	-	-	2008	-	BRbv1201
AB623103	Bos taurus	Cattle	DR	Bats	-	-	2008	-	BRbv1204
AB623104	Bos taurus	Cattle	DR	Bats	-	-	2008	-	BRbv1206
AB623105	Bos taurus	Cattle	DR	Bats	-	-	2009	-	BRbv1207
AB623107	Bos taurus	Cattle	DR	Bats	-	-	2008	-	BRbv1209
AB623108	Bos taurus	Cattle	DR	Bats	-	-	2008	-	BRbv1210
AB623109	Bos taurus	Cattle	DR	Bats	-	-	2008	-	BRbv1211
AB623110	Bos taurus	Cattle	DR	Bats	-	-	2008	-	BRbv1212
AB623111	Bos taurus	Cattle	DR	Bats	-	-	2008	-	BRbv1213
AB623112	Bos taurus	Cattle	DR	Bats	-	-	2008	-	BRbv1214
AB623113	Bos taurus	Cattle	DR	Bats	-	-	2008	-	BRbv1215
AB623114	Bos taurus	Cattle	DR	Bats	-	-	2008	-	BRbv1216
AB623115	Bos taurus	Cattle	DR	Bats	-	-	2008	-	BRbv1217
AB623116	Bos taurus	Cattle	DR	Bats	-	-	2009	-	BRbv1218
AB623117	Bos taurus	Cattle	DR	Bats	-	-	2009	-	BRbv1219
AB623118	Bos taurus	Cattle	DR	Bats	-	-	2009	-	BRbv1220
AB246220	Bos taurus	cattle	DR	Bats	-	-	-	-	BRbv124
AB246221	Bos taurus	cattle	DR	Bats	-	-	-	-	BRbv129
AB247380	Bos taurus	cattle	DR	Bats	-	-	-	-	BRbv129
AB246222	Bos taurus	cattle	DR	Bats	-	-	-	-	BRbv132
AB247381	Bos taurus	cattle	DR	Bats	-	-	-	-	BRbv132
AB246223	Bos taurus	cattle	DR	Bats	-	-	-	-	BRbv133
AB247382	Bos taurus	cattle	DR	Bats	-	-	-	-	BRbv136
AB246224	Bos taurus	cattle	DR	Bats	-	-	-	-	BRbv138
AB246225	Bos taurus	cattle	DR	Bats	-	-	-	-	BRbv140
AB246226	Bos taurus	cattle	DR	Bats	-	-	-	-	BRbv141
AB246227	Bos taurus	cattle	DR	Bats	-	-	-	-	BRbv145
AB246228	Bos taurus	cattle	DR	Bats	-	-	-	-	BRbv147
AB247383	Bos taurus	cattle	DR	Bats	-	-	-	-	BRbv147
AB246229	Bos taurus	cattle	DR	Bats	-	-	-	-	BRbv150
AB246230	Bos taurus	cattle	DR	Bats	-	-	-	-	BRbv152
AB247384	Bos taurus	cattle	DR	Bats	-	-	-	-	BRbv152
AB246231	Bos taurus	cattle	DR	Bats	-	-	-	-	BRbv153
AB246232	Bos taurus	cattle	DR	Bats	-	-	-	-	BRbv157
AB246233	Bos taurus	cattle	DR	Bats	-	-	-	-	BRbv160
AB246234	Bos taurus	cattle	DR	Bats	-	-	-	-	BRbv161
AB246235	Bos taurus	cattle	DR	Bats	-	-	-	-	BRbv162
AB246236	Bos taurus	cattle	DR	Bats	-	-	-	-	BRbv168
AB247385	Bos taurus	cattle	DR	Bats	-	-	-	-	BRbv168
AB246237	Bos taurus	cattle	DR	Bats	-	-	-	-	BRbv169
AB246238	Bos taurus	cattle	DR	Bats	-	-	-	-	BRbv170
AB246239	Bos taurus	cattle	DR	Bats	-	-	-	-	BRbv178
AB246240	Bos taurus	cattle	DR	Bats	-	-	-	-	BRbv181
AB246241	Bos taurus	cattle	DR	Bats	-	-	-	-	BRbv182
AB246242	Bos taurus	cattle	DR	Bats	-	-	-	-	BRbv183
AB246243	Bos taurus	cattle	DR	Bats	-	-	-	-	BRbv185
AB246244	Bos taurus	cattle	DR	Bats	-	-	-	-	BRbv186
AB246245	Bos taurus	cattle	DR	Bats	-	-	-	-	BRbv187
AB246246	Bos taurus	cattle	DR	Bats	-	-	-	-	BRbv192
AB246247	Bos taurus	cattle	DR	Bats	-	-	-	-	BRbv193
AB246248	Bos taurus	cattle	DR	Bats	-	-	-	-	BRbv194
AB246249	Bos taurus	cattle	DR	Bats	-	-	-	-	BRbv195
AB246250	Bos taurus	cattle	DR	Bats	-	-	-	-	BRbv197
AB246251	Bos taurus	cattle	DR	Bats	-	-	-	-	BRbv200
AB246252	Bos taurus	cattle	DR	Bats	-	-	-	-	BRbv202
AB246253	Bos taurus	cattle	DR	Bats	-	-	-	-	BRbv206
AB246254	Bos taurus	cattle	DR	Bats	-	-	-	-	BRbv207
AB246255	Bos taurus	cattle	DR	Bats	-	-	-	-	BRbv208
AB246256	Bos taurus	cattle	DR	Bats	-	-	-	-	BRbv210
AB246257	Bos taurus	cattle	DR	Bats	-	-	-	-	BRbv214
AB246258	Bos taurus	cattle	DR	Bats	-	-	-	-	BRbv216
AB246259	Bos taurus	cattle	DR	Bats	-	-	-	-	BRbv217
AB246260	Bos taurus	cattle	DR	Bats	-	-	-	-	BRbv221
AB246261	Bos taurus	cattle	DR	Bats	-	-	-	-	BRbv225
AB246262	Bos taurus	cattle	DR	Bats	-	-	-	-	BRbv229
AB246263	Bos taurus	cattle	DR	Bats	-	-	-	-	BRbv230
AB246264	Bos taurus	cattle	DR	Bats	-	-	-	-	BRbv232
AB246265	Bos taurus	cattle	DR	Bats	-	-	-	-	BRbv234
AB246266	Bos taurus	cattle	DR	Bats	-	-	-	-	BRbv235
AB246267	Bos taurus	cattle	DR	Bats	-	-	-	-	BRbv238
AB247386	Bos taurus	cattle	DR	Bats	-	-	-	-	BRbv252
AB247387	Bos taurus	cattle	DR	Bats	-	-	-	-	BRbv259
AB247388	Bos taurus	cattle	DR	Bats	-	-	-	-	BRbv261
AB247389	Bos taurus	cattle	DR	Bats	-	-	-	-	BRbv270
AB246268	Bos taurus	cattle	DR	Bats	-	-	-	-	BRbv282
AB246269	Bos taurus	cattle	DR	Bats	-	-	-	-	BRbv287
AB246270	Bos taurus	cattle	DR	Bats	-	-	-	-	BRbv296
AB110663	Bos taurus	cattle	DR	Bats	-	-	-	-	BRbv32
AB247390	Bos taurus	cattle	DR	Bats	-	-	-	-	BRbv323
AB247391	Bos taurus	cattle	DR	Bats	-	-	-	-	BRbv324
AB247392	Bos taurus	cattle	DR	Bats	-	-	-	-	BRbv329
AB247393	Bos taurus	cattle	DR	Bats	-	-	-	-	BRbv38
AB110666	Bos taurus	cattle	DR	Bats	-	-	-	-	BRbv39
AB247394	Bos taurus	cattle	DR	Bats	-	-	-	-	BRbv43
AB110667	Bos taurus	cattle	DR	Bats	-	-	-	-	BRbv45
AB110668	Bos taurus	cattle	DR	Bats	-	-	-	-	BRbv49
AB110669	Bos taurus	cattle	DR	Bats	-	-	-	-	BRbv50
AB246194	Bos taurus	cattle	DR	Bats	-	-	-	-	BRbv55
AB247395	Bos taurus	cattle	DR	Bats	-	-	-	-	BRbv55
AB246195	Bos taurus	cattle	DR	Bats	-	-	-	-	BRbv56
AB246196	Bos taurus	cattle	DR	Bats	-	-	-	-	BRbv57
AB247396	Bos taurus	cattle	DR	Bats	-	-	-	-	BRbv571
AB246197	Bos taurus	cattle	DR	Bats	-	-	-	-	BRbv62
AB246198	Bos taurus	cattle	DR	Bats	-	-	-	-	BRbv63
AB246199	Bos taurus	cattle	DR	Bats	-	-	-	-	BRbv64
AB247444	Bos taurus	Cattle	AM3b	Cosmopolitan	-	-	-	-	BRbv641
AB247397	Bos taurus	cattle	AM3b	Cosmopolitan	-	-	-	-	BRbv644
AB247398	Bos taurus	cattle	DR	Bats	-	-	-	-	BRbv645
AB247399	Bos taurus	cattle	DR	Bats	-	-	-	-	BRbv647
AB246200	Bos taurus	cattle	DR	Bats	-	-	-	-	BRbv65
AB247400	Bos taurus	cattle	DR	Bats	-	-	-	-	BRbv654
AB247401	Bos taurus	cattle	DR	Bats	-	-	-	-	BRbv655
AB247402	Bos taurus	cattle	DR	Bats	-	-	-	-	BRbv656
AB247403	Bos taurus	cattle	DR	Bats	-	-	-	-	BRbv658
AB246201	Bos taurus	cattle	DR	Bats	-	-	-	-	BRbv66
AB247404	Bos taurus	cattle	DR	Bats	-	-	-	-	BRbv670
AB247405	Bos taurus	cattle	DR	Bats	-	-	-	-	BRbv674
AB246202	Bos taurus	cattle	DR	Bats	-	-	-	-	BRbv68
AB246203	Bos taurus	cattle	DR	Bats	-	-	-	-	BRbv69
AB246204	Bos taurus	cattle	DR	Bats	-	-	-	-	BRbv71
AB246205	Bos taurus	cattle	DR	Bats	-	-	-	-	BRbv74
AB246206	Bos taurus	cattle	DR	Bats	-	-	-	-	BRbv75
AB246207	Bos taurus	cattle	DR	Bats	-	-	-	-	BRbv76
AB247406	Bos taurus	cattle	DR	Bats	-	-	-	-	BRbv76
AB247407	Bos taurus	cattle	DR	Bats	-	-	-	-	BRbv76
AB246208	Bos taurus	cattle	DR	Bats	-	-	-	-	BRbv80
AB246209	Bos taurus	cattle	DR	Bats	-	-	-	-	BRbv82
AB246210	Bos taurus	cattle	DR	Bats	-	-	-	-	BRbv86
AB246211	Bos taurus	cattle	DR	Bats	-	-	-	-	BRbv87
AB246212	Bos taurus	cattle	DR	Bats	-	-	-	-	BRbv89
AB246213	Bos taurus	cattle	DR	Bats	-	-	-	-	BRbv93
AB246214	Bos taurus	cattle	DR	Bats	-	-	-	-	BRbv94
AB246215	Bos taurus	cattle	DR	Bats	-	-	-	-	BRbv95
AB373641	Bos taurus	cattle	DR	Bats	-	-	2007	-	m28/07
AB154212	Bos taurus	Cattle	SEA1b	Asian	-	-	-	-	SC01-73
AB428322	Bos taurus	cattle brain	SEA2a	Asian	DEC	7	2004	-	CHbv7
AB428333	Bos taurus	cattle brain	SEA2a	Asian	DEC	7	2004	-	CHbv7
AB428315	Bos taurus	cattle brain	SEA2a	Asian	MAR	15	2005	-	CHbv9
AB428323	Bos taurus	cattle brain	SEA2a	Asian	MAR	15	2005	-	CHbv9
AB428334	Bos taurus	cattle brain	SEA2a	Asian	MAR	15	2005	-	CHbv9
AY102998	Bos taurus	China/Cow	SEA1b	Asian	-	-	-	-	Rv338
AY561809	Bos taurus	cow	-	Cosmopolitan	-	-	-	-	3259bcsbv02
AY561765	Bos taurus	cow	AM2a	Cosmopolitan	-	-	-	-	3269zacbov00
AF533816	Bos taurus	cow	TB2	Bats	-	-	-	-	CIBV3553
AB284516	Bos taurus	cow	AF1b	Cosmopolitan	JUN	22	2001	-	ZAMDC163/01
AB284515	Bos taurus	cow	AF1b	Cosmopolitan	FEB	17	2000	-	ZAMRAV12/00
JX648409	Bos taurus	cow brain	DR	Bats	-	-	2005	-	PERAMABV2039-05
JX648406	Bos taurus	cow brain	DR	Bats	-	-	2005	-	PERAMABV2040-05
JX648400	Bos taurus	cow brain	DR	Bats	-	-	2002	-	PERAMABV36425-02
JX648403	Bos taurus	cow brain	DR	Bats	-	-	2005	-	PERAMABV37027-05
JX648420	Bos taurus	cow brain	DR	Bats	-	-	2005	-	PERAMABV41508-05
JX648407	Bos taurus	cow brain	DR	Bats	-	-	2006	-	PERAMABV4953-06
JX648430	Bos taurus	cow brain	DR	Bats	-	-	2006	-	PERAMABV51713-06
JX648479	Bos taurus	cow brain	DR	Bats	-	-	2007	-	PERAPUBV10320-07
JX648485	Bos taurus	cow brain	DR	Bats	-	-	2007	-	PERAPUBV10742-07
JX648511	Bos taurus	cow brain	DR	Bats	-	-	2007	-	PERAPUBV12450-07
JX648484	Bos taurus	cow brain	DR	Bats	-	-	2006	-	PERAPUBV12463-06
JX648476	Bos taurus	cow brain	DR	Bats	-	-	2007	-	PERAPUBV13361-07
JX648509	Bos taurus	cow brain	DR	Bats	-	-	2007	-	PERAPUBV13695-07
JX648538	Bos taurus	cow brain	DR	Bats	-	-	2002	-	PERAPUBV1539-02
JX648513	Bos taurus	cow brain	DR	Bats	-	-	2007	-	PERAPUBV15558-07
JX648494	Bos taurus	cow brain	DR	Bats	-	-	2006	-	PERAPUBV16406-06
JX648507	Bos taurus	cow brain	DR	Bats	-	-	2003	-	PERAPUBV197-03
JX648491	Bos taurus	cow brain	DR	Bats	-	-	2006	-	PERAPUBV20327-06
JX648521	Bos taurus	cow brain	DR	Bats	-	-	2006	-	PERAPUBV24266-06
JX648508	Bos taurus	cow brain	DR	Bats	-	-	2003	-	PERAPUBV249-03
JX648500	Bos taurus	cow brain	DR	Bats	-	-	2003	-	PERAPUBV250-03
JX648522	Bos taurus	cow brain	DR	Bats	-	-	2002	-	PERAPUBV25686-02
JX648528	Bos taurus	cow brain	DR	Bats	-	-	2002	-	PERAPUBV25773-02
JX648529	Bos taurus	cow brain	DR	Bats	-	-	2002	-	PERAPUBV25775-02
JX648498	Bos taurus	cow brain	DR	Bats	-	-	2002	-	PERAPUBV27641-02
JX648490	Bos taurus	cow brain	DR	Bats	-	-	2006	-	PERAPUBV28489-06
JX648540	Bos taurus	cow brain	DR	Bats	-	-	2002	-	PERAPUBV3040-02
JX648496	Bos taurus	cow brain	DR	Bats	-	-	2006	-	PERAPUBV35975-06
JX648541	Bos taurus	cow brain	DR	Bats	-	-	2002	-	PERAPUBV3982-02
JX648519	Bos taurus	cow brain	DR	Bats	-	-	2006	-	PERAPUBV40999-06
JX648501	Bos taurus	cow brain	DR	Bats	-	-	2002	-	PERAPUBV41363-02
JX648447	Bos taurus	cow brain	DR	Bats	-	-	2004	-	PERAPUBV43925-04
JX648514	Bos taurus	cow brain	DR	Bats	-	-	2006	-	PERAPUBV45653-06
JX648539	Bos taurus	cow brain	DR	Bats	-	-	2002	-	PERAPUBV5119-02
JX648527	Bos taurus	cow brain	DR	Bats	-	-	2005	-	PERAPUBV5736-05
JX648526	Bos taurus	cow brain	DR	Bats	-	-	2005	-	PERAPUBV5737-05
JX648502	Bos taurus	cow brain	DR	Bats	-	-	2004	-	PERAYABV10421-04
JX648460	Bos taurus	cow brain	DR	Bats	-	-	2002	-	PERAYABV10574-02
JX648411	Bos taurus	cow brain	DR	Bats	-	-	2007	-	PERAYABV11313-07
JX648464	Bos taurus	cow brain	DR	Bats	-	-	2007	-	PERAYABV11314-07
JX648455	Bos taurus	cow brain	DR	Bats	-	-	2007	-	PERAYABV11316-07
JX648503	Bos taurus	cow brain	DR	Bats	-	-	2004	-	PERAYABV11462-04
JX648451	Bos taurus	cow brain	DR	Bats	-	-	2007	-	PERAYABV1200456-07
JX648467	Bos taurus	cow brain	DR	Bats	-	-	2003	-	PERAYABV1234-03
JX648474	Bos taurus	cow brain	DR	Bats	-	-	2003	-	PERAYABV12387-03
JX648445	Bos taurus	cow brain	DR	Bats	-	-	2007	-	PERAYABV12690-07
JX648446	Bos taurus	cow brain	DR	Bats	-	-	2007	-	PERAYABV13485-07
JX648454	Bos taurus	cow brain	DR	Bats	-	-	2007	-	PERAYABV14465-07
JX648448	Bos taurus	cow brain	DR	Bats	-	-	2005	-	PERAYABV14916-05
JX648495	Bos taurus	cow brain	DR	Bats	-	-	2004	-	PERAYABV17034-04
JX648465	Bos taurus	cow brain	DR	Bats	-	-	2002	-	PERAYABV17556-02
JX648458	Bos taurus	cow brain	DR	Bats	-	-	2002	-	PERAYABV19596-02
JX648457	Bos taurus	cow brain	DR	Bats	-	-	2002	-	PERAYABV2138-02
JX648536	Bos taurus	cow brain	DR	Bats	-	-	2003	-	PERAYABV24139-03
JX648506	Bos taurus	cow brain	DR	Bats	-	-	2004	-	PERAYABV24247-04
JX648456	Bos taurus	cow brain	DR	Bats	-	-	2002	-	PERAYABV24974-02
JX648472	Bos taurus	cow brain	DR	Bats	-	-	2002	-	PERAYABV27821-02
JX648453	Bos taurus	cow brain	DR	Bats	-	-	2006	-	PERAYABV28771-06
JX648535	Bos taurus	cow brain	DR	Bats	-	-	2003	-	PERAYABV29265-03
JX648468	Bos taurus	cow brain	DR	Bats	-	-	2002	-	PERAYABV29517-02
JX648461	Bos taurus	cow brain	DR	Bats	-	-	2006	-	PERAYABV30524-06
JX648452	Bos taurus	cow brain	DR	Bats	-	-	2006	-	PERAYABV31905-06
JX648475	Bos taurus	cow brain	DR	Bats	-	-	2002	-	PERAYABV32068-02
JX648462	Bos taurus	cow brain	DR	Bats	-	-	2006	-	PERAYABV32674-06
JX648450	Bos taurus	cow brain	DR	Bats	-	-	2005	-	PERAYABV35266-05
JX648473	Bos taurus	cow brain	DR	Bats	-	-	2006	-	PERAYABV37818-06
JX648463	Bos taurus	cow brain	DR	Bats	-	-	2002	-	PERAYABV39012-02
JX648487	Bos taurus	cow brain	DR	Bats	-	-	2007	-	PERAYABV5591-07
JX648449	Bos taurus	cow brain	DR	Bats	-	-	2007	-	PERAYABV9870-07
JX648432	Bos taurus	cow brain	DR	Bats	-	-	2007	-	PERCAJBV10590-07
JX648433	Bos taurus	cow brain	DR	Bats	-	-	2007	-	PERCAJBV13590-07
JX648396	Bos taurus	cow brain	DR	Bats	-	-	2007	-	PERCUSBV10999-07
JX648392	Bos taurus	cow brain	DR	Bats	-	-	2007	-	PERCUSBV11000-07
JX648391	Bos taurus	cow brain	DR	Bats	-	-	2007	-	PERCUSBV15589-07
JX648393	Bos taurus	cow brain	DR	Bats	-	-	2004	-	PERCUSBV26090-04
JX648444	Bos taurus	cow brain	DR	Bats	-	-	2003	-	PERCUSBV38910-03
JX648410	Bos taurus	cow brain	DR	Bats	-	-	2007	-	PERHUABV13139-07
JX648425	Bos taurus	cow brain	DR	Bats	-	-	2007	-	PERHUABV13735-07
JX648402	Bos taurus	cow brain	DR	Bats	-	-	2002	-	PERHUABV14643-02
JX648414	Bos taurus	cow brain	DR	Bats	-	-	2003	-	PERHUABV39200-03
JX648415	Bos taurus	cow brain	DR	Bats	-	-	2003	-	PERHUABV41340-03
JX648405	Bos taurus	cow brain	DR	Bats	-	-	2005	-	PERMDIBV29509-05
JX648404	Bos taurus	cow brain	DR	Bats	-	-	2004	-	PERMDIBV30578-04
JX648421	Bos taurus	cow brain	DR	Bats	-	-	2007	-	PERPASBV13969-07
JX648543	Bos taurus	cow brain	DR	Bats	-	-	2006	-	PERPASBV14803-06
JX648394	Bos taurus	cow brain	DR	Bats	-	-	2005	-	PERPASBV25193-05
JX648395	Bos taurus	cow brain	DR	Bats	-	-	2005	-	PERPASBV27761-05
JX648417	Bos taurus	cow brain	DR	Bats	-	-	2003	-	PERPASBV43903-03
JX648544	Bos taurus	cow brain	DR	Bats	-	-	2006	-	PERPASBV5714-06
JX648397	Bos taurus	cow brain	DR	Bats	-	-	2007	-	PERSMABV1209567-07
JX648401	Bos taurus	cow brain	DR	Bats	-	-	2004	-	PERSMABV14677-04
JX648427	Bos taurus	cow brain	DR	Bats	-	-	2002	-	PERSMABV18452-02
JX648399	Bos taurus	cow brain	DR	Bats	-	-	2006	-	PERSMABV1897-06
JX648398	Bos taurus	cow brain	DR	Bats	-	-	2006	-	PERSMABV1898-06
JX648412	Bos taurus	cow brain	DR	Bats	-	-	2002	-	PERSMABV33299-02
JX648413	Bos taurus	cow brain	DR	Bats	-	-	2002	-	PERSMABV33842-02
JX648431	Bos taurus	cow brain	DR	Bats	-	-	2004	-	PERSMABV54395-04
JX648423	Bos taurus	cow brain	DR	Bats	-	-	2007	-	PERSMABV8429-07
DQ105955	Bos taurus	cow brain	AL1a	Arctic	-	-	-	-	R122
DQ105958	Bos taurus	cow brain	AL1a	Arctic	-	-	-	-	R135
DQ105964	Bos taurus	cow brain	SEA1a	Indian-Sub	-	-	-	-	R155
AY561810	Bos taurus	cow; Mephitis mephitis	-	RAC-SK	-	-	-	-	3291chihbv99
DQ991126	Bos taurus	infected brain from cattle	AL1a	Arctic	-	-	2006	-	NIMMB10
DQ991118	Bos taurus	infected brain from cattle	AL1a	Arctic	-	-	2005	-	NIMMB2
DQ280334	Bos taurus	infected cow brain	-	Arctic	-	-	-	-	-
AB041969	Bubalus bubalis	water buffalo	-	Indian-Sub	-	-	-	-	SRL1145
EU590030	Canis familiaris	brain	ME2	Cosmopolitan	-	-	-	-	Dog0187/2005
EU589992	Canis familiaris	brain	ME2	Cosmopolitan	-	-	-	-	Dog0298/2005
EU590031	Canis familiaris	brain	ME2	Cosmopolitan	-	-	-	-	Dog0480/2007
EU590033	Canis familiaris	brain	ME2	Cosmopolitan	-	-	-	-	Dog1086/2006
EU590012	Canis familiaris	brain	ME2	Cosmopolitan	-	-	-	-	Dog1419/2007
EU590005	Canis familiaris	brain	ME2	Cosmopolitan	-	-	-	-	Dog1772/2005
EU589993	Canis familiaris	brain	ME2	Cosmopolitan	-	-	-	-	Dog2236/2005
EU589994	Canis familiaris	brain	ME2	Cosmopolitan	-	-	-	-	Dog2239/2005
EU590011	Canis familiaris	brain	ME2	Cosmopolitan	-	-	-	-	Dog2844/2005
EU590016	Canis familiaris	brain	ME2	Cosmopolitan	-	-	-	-	Dog3231/2007
EU590020	Canis familiaris	brain	ME2	Cosmopolitan	-	-	-	-	Dog3381/2006
EU590027	Canis familiaris	brain	ME2	Cosmopolitan	-	-	-	-	Dog3563/2006
EU589996	Canis familiaris	brain	ME2	Cosmopolitan	-	-	-	-	Dog3653/2007
EU590010	Canis familiaris	brain	ME2	Cosmopolitan	-	-	-	-	Dog3763/2005
EU590017	Canis familiaris	brain	ME2	Cosmopolitan	-	-	-	-	Dog3861/2005
EU590015	Canis familiaris	brain	ME2	Cosmopolitan	-	-	-	-	Dog3946/2007
EU589962	Canis familiaris	brain	ME1a	Cosmopolitan	-	-	-	-	Dog3959/2007
EU590023	Canis familiaris	brain	ME2	Cosmopolitan	-	-	-	-	Dog4209/2005
EU590025	Canis familiaris	brain	ME2	Cosmopolitan	-	-	-	-	Dog4836/2005
EU590024	Canis familiaris	brain	ME2	Cosmopolitan	-	-	-	-	Dog4861/2005
EU590000	Canis familiaris	brain	ME2	Cosmopolitan	-	-	-	-	Dog5745/2005
EU590034	Canis familiaris	brain	ME2	Cosmopolitan	-	-	-	-	Dog6853/2007
EU590022	Canis familiaris	brain	ME2	Cosmopolitan	-	-	-	-	Dog6867/2005
EU590028	Canis familiaris	brain	ME2	Cosmopolitan	-	-	-	-	Dog7134/2005
EU590029	Canis familiaris	brain	ME2	Cosmopolitan	-	-	-	-	Dog7413/2005
EU590026	Canis familiaris	brain	ME2	Cosmopolitan	-	-	-	-	Dog7414/2005
EU590032	Canis familiaris	brain	ME2	Cosmopolitan	-	-	-	-	Dog7828/2007
EU590018	Canis familiaris	brain	ME2	Cosmopolitan	-	-	-	-	Dog7901/2007
EU590014	Canis familiaris	brain	ME2	Cosmopolitan	-	-	-	-	Dog7923/2007
EU590013	Canis familiaris	brain	ME2	Cosmopolitan	-	-	-	-	Dog7989/2007
EU589999	Canis familiaris	brain	ME2	Cosmopolitan	-	-	-	-	Dog8199/2005
EU590036	Canis familiaris	brain	ME2	Cosmopolitan	-	-	-	-	Dog9069/2006
EU589959	Canis familiaris	brain	ME1a	Cosmopolitan	-	-	-	-	Dog9445/2006
EU590021	Canis familiaris	brain	ME2	Cosmopolitan	-	-	-	-	Dog9553/2005
EU590001	Canis familiaris	brain	ME2	Cosmopolitan	-	-	-	-	Dog9613/2005
EU590038	Canis familiaris	brain	ME2	Cosmopolitan	-	-	-	-	DogT4/2000
EU590039	Canis familiaris	brain	ME2	Cosmopolitan	-	-	-	-	DogT6/2000
EU590040	Canis familiaris	brain	ME2	Cosmopolitan	-	-	-	-	DogT7/2000
AB294356	Canis familiaris	brain of Canis familiaris	SEA2a	Asian	-	-	-	-	CHdg10
AB294348	Canis familiaris	brain of Canis familiaris	SEA1b	Asian	-	-	-	-	CHdg2
AB294350	Canis familiaris	brain of Canis familiaris	SEA2a	Asian	-	-	-	-	CHdg4
AB294351	Canis familiaris	brain of Canis familiaris	SEA2a	Asian	-	-	-	-	CHdg5
AB294352	Canis familiaris	brain of Canis familiaris	SEA1b	Asian	-	-	-	-	CHdg6
AB294354	Canis familiaris	brain of Canis familiaris	SEA2a	Asian	-	-	-	-	CHdg8
LC068935	Canis familiaris	brain of dog	SEA4	Asian	-	-	2013	-	RV/R3.PHL/2013/TRa-551
AY218998	Canis familiaris	brain of dog with dumb rabies	SEA3	Asian	-	-	-	-	D51
AY218996	Canis familiaris	brain of dog with furious rabies	SEA3	Asian	-	-	-	-	D23
AY218997	Canis familiaris	brain of dog with furious rabies	SEA3	Asian	-	-	-	-	D48
DQ074978	Canis familiaris	brain of mad dog in the street	Vac	Cosmopolitan	-	-	-	-	-
AB516761	Canis familiaris	canine	SEA2a	Asian	-	-	-	-	CHdg10
AB516762	Canis familiaris	canine	SEA2a	Asian	-	-	-	-	CHdg12
AB516763	Canis familiaris	canine	SEA2a	Asian	-	-	-	-	CHdg13
AB516764	Canis familiaris	canine	SEA2a	Asian	-	-	-	-	CHdg14
AB516765	Canis familiaris	canine	-	Asian	-	-	-	-	CHdg15
AB516766	Canis familiaris	canine	SEA2a	Asian	-	-	-	-	CHdg19
AB516754	Canis familiaris	canine	SEA1b	Asian	-	-	-	-	CHdg2
AB516755	Canis familiaris	canine	SEA2a	Asian	-	-	-	-	CHdg3
AB516756	Canis familiaris	canine	SEA2a	Asian	-	-	-	-	CHdg4
AB516757	Canis familiaris	canine	SEA2a	Asian	-	-	-	-	CHdg5
AB516758	Canis familiaris	canine	SEA1b	Asian	-	-	-	-	CHdg6
AB516759	Canis familiaris	canine	SEA2a	Asian	-	-	-	-	CHdg7
AB516760	Canis familiaris	canine	SEA2a	Asian	-	-	-	-	CHdg8
AB516767	Canis familiaris	canine	AF1b	Cosmopolitan	-	-	-	-	UGdg1
AB516768	Canis familiaris	canine	AF1b	Cosmopolitan	-	-	-	-	UGdg11
AB516769	Canis familiaris	canine	-	Asian	-	-	-	-	UGdg3
AB516770	Canis familiaris	canine	AM3a	Cosmopolitan	-	-	-	-	UGdg5
AY561795	Canis familiaris	Canis familiaris	AM2a	Cosmopolitan	-	-	-	-	-
AY561773	Canis familiaris	Canis familiaris	AM2a	Cosmopolitan	-	-	-	-	3244mxdg98
AY561790	Canis familiaris	Canis familiaris	AM2a	Cosmopolitan	-	-	-	-	3251grodg00
AY561772	Canis familiaris	Canis familiaris	AM2a	Cosmopolitan	-	-	-	-	3260dfdg00
AY561775	Canis familiaris	Canis familiaris	AM2a	Cosmopolitan	-	-	-	-	3267mxdg01
AY561789	Canis familiaris	Canis familiaris	AM2a	Cosmopolitan	-	-	-	-	3278grodg99
AY561782	Canis familiaris	Canis familiaris	AM2a	Cosmopolitan	-	-	-	-	3279puedg01
AY561781	Canis familiaris	Canis familiaris	AM2a	Cosmopolitan	-	-	-	-	3281puedg00
AY561774	Canis familiaris	Canis familiaris	AM2a	Cosmopolitan	-	-	-	-	3284mxdg99
AY561791	Canis familiaris	Canis familiaris	AM2a	Cosmopolitan	-	-	-	-	3285grodg01
AY561792	Canis familiaris	Canis familiaris	AM2a	Cosmopolitan	-	-	-	-	3287grodg01
AY561770	Canis familiaris	Canis familiaris	AM2a	Cosmopolitan	-	-	-	-	3288michdg00
AY561771	Canis familiaris	Canis familiaris	AM2a	Cosmopolitan	-	-	-	-	3299dfdg99
AY561786	Canis familiaris	Canis familiaris	AM2a	Cosmopolitan	-	-	-	-	3302tlxdg01
AY561787	Canis familiaris	Canis familiaris	AM2a	Cosmopolitan	-	-	-	-	3303tlxdg02
AY561768	Canis familiaris	Canis familiaris	AM2a	Cosmopolitan	-	-	-	-	3313jaldg02
AY561788	Canis familiaris	Canis familiaris	AM2a	Cosmopolitan	-	-	-	-	3325hgodg02
AY561794	Canis familiaris	Canis familiaris	AM2a	Cosmopolitan	-	-	-	-	4476yucdg99
AY561796	Canis familiaris	Canis familiaris	AM2a	Cosmopolitan	-	-	-	-	4481yucdg01
AY561793	Canis familiaris	Canis familiaris	AM2a	Cosmopolitan	-	-	-	-	4486chisdg02
AY561783	Canis familiaris	Canis familiaris	AM2a	Cosmopolitan	-	-	-	-	4491mxdg02
AY561779	Canis familiaris	Canis familiaris	AM2a	Cosmopolitan	-	-	-	-	4511mxdg02
AY561784	Canis familiaris	Canis familiaris	AM2a	Cosmopolitan	-	-	-	-	4513puedg02
AY561776	Canis familiaris	Canis familiaris	AM2a	Cosmopolitan	-	-	-	-	4514mxdg02
AY561778	Canis familiaris	Canis familiaris	AM2a	Cosmopolitan	-	-	-	-	4516mxdg02
AY561785	Canis familiaris	Canis familiaris	AM2a	Cosmopolitan	-	-	-	-	4519puedg02
AY561767	Canis familiaris	Canis familiaris	AM2a	Cosmopolitan	-	-	-	-	4815slpdg99
AY561780	Canis familiaris	Canis familiaris	AM2a	Cosmopolitan	-	-	-	-	4822puedg96
AY561766	Canis familiaris	Canis familiaris	AM2a	Cosmopolitan	-	-	-	-	4823slpdg99
AY102999	Canis familiaris	China/Dog	SEA2a	Asian	-	-	-	-	Rv341
AB093427	Canis familiaris	dog	SEA3	Asian	-	-	-	-	18NE
AB093428	Canis familiaris	dog	SEA3	Asian	-	-	-	-	18NE
AB093429	Canis familiaris	dog	SEA3	Asian	-	-	-	-	19NE
AB093430	Canis familiaris	dog	SEA3	Asian	-	-	-	-	19NE
AB093431	Canis familiaris	dog	SEA3	Asian	-	-	-	-	20NE
AB093432	Canis familiaris	dog	SEA3	Asian	-	-	-	-	20NE
AB093433	Canis familiaris	dog	SEA3	Asian	-	-	-	-	21NE
AB093434	Canis familiaris	dog	SEA3	Asian	-	-	-	-	21NE
AB093435	Canis familiaris	dog	SEA3	Asian	-	-	-	-	22NE
AB093436	Canis familiaris	dog	SEA3	Asian	-	-	-	-	22NE
AB093437	Canis familiaris	dog	SEA3	Asian	-	-	-	-	24NE
AB093438	Canis familiaris	dog	SEA3	Asian	-	-	-	-	24NE
AB093439	Canis familiaris	dog	SEA3	Asian	-	-	-	-	25NE
AB093440	Canis familiaris	dog	SEA3	Asian	-	-	-	-	25NE
AB093441	Canis familiaris	dog	SEA3	Asian	-	-	-	-	26NE
AB093442	Canis familiaris	dog	SEA3	Asian	-	-	-	-	26NE
AB093443	Canis familiaris	dog	SEA3	Asian	-	-	-	-	27NE
AB093444	Canis familiaris	dog	SEA3	Asian	-	-	-	-	27NE
AB093445	Canis familiaris	dog	SEA3	Asian	-	-	-	-	28NE
AB093446	Canis familiaris	dog	SEA3	Asian	-	-	-	-	28NE
AB093447	Canis familiaris	dog	SEA3	Asian	-	-	-	-	29NE
AB093448	Canis familiaris	dog	SEA3	Asian	-	-	-	-	29NE
AB093449	Canis familiaris	dog	SEA3	Asian	-	-	-	-	30NE
AB093450	Canis familiaris	dog	SEA3	Asian	-	-	-	-	30NE
AB093451	Canis familiaris	dog	SEA3	Asian	-	-	-	-	31NE
AB093452	Canis familiaris	dog	SEA3	Asian	-	-	-	-	31NE
AB093453	Canis familiaris	dog	SEA3	Asian	-	-	-	-	32NE
AB093454	Canis familiaris	dog	SEA3	Asian	-	-	-	-	32NE
AB093455	Canis familiaris	dog	SEA3	Asian	-	-	-	-	33NE
AB093456	Canis familiaris	dog	SEA3	Asian	-	-	-	-	33NE
AB093457	Canis familiaris	dog	SEA3	Asian	-	-	-	-	34NE
AB093458	Canis familiaris	dog	SEA3	Asian	-	-	-	-	34NE
AB093459	Canis familiaris	dog	SEA3	Asian	-	-	-	-	35NE
AB093460	Canis familiaris	dog	SEA3	Asian	-	-	-	-	35NE
AB093461	Canis familiaris	dog	SEA3	Asian	-	-	-	-	36NE
AB093462	Canis familiaris	dog	SEA3	Asian	-	-	-	-	36NE
AB093463	Canis familiaris	dog	SEA3	Asian	-	-	-	-	37NE
AB093464	Canis familiaris	dog	SEA3	Asian	-	-	-	-	37NE
AB093465	Canis familiaris	dog	SEA3	Asian	-	-	-	-	38NE
AB093466	Canis familiaris	dog	SEA3	Asian	-	-	-	-	38NE
AB093467	Canis familiaris	dog	SEA3	Asian	-	-	-	-	39NE
AB093468	Canis familiaris	dog	SEA3	Asian	-	-	-	-	39NE
AB093469	Canis familiaris	dog	SEA3	Asian	-	-	-	-	40NE
AB093470	Canis familiaris	dog	SEA3	Asian	-	-	-	-	40NE
AB093471	Canis familiaris	dog	SEA3	Asian	-	-	-	-	41NE
AB093472	Canis familiaris	dog	SEA3	Asian	-	-	-	-	41NE
AB263316	Canis familiaris	dog	AM3a	Cosmopolitan	-	-	-	-	BRct116
AB263292	Canis familiaris	dog	AM3a	Cosmopolitan	-	-	-	-	BRdg1
AB110658	Canis familiaris	dog	AM3a	Cosmopolitan	-	-	-	-	BRdg10
AB263313	Canis familiaris	dog	AM3a	Cosmopolitan	-	-	-	-	BRdg101
AB276308	Canis familiaris	dog	AM3a	Cosmopolitan	-	-	-	-	BRdg101
AB263314	Canis familiaris	dog	AM3a	Cosmopolitan	-	-	-	-	BRdg102
AB263297	Canis familiaris	dog	AM3a	Cosmopolitan	-	-	-	-	BRdg11
AB263317	Canis familiaris	dog	AM3a	Cosmopolitan	-	-	-	-	BRdg117
AB110659	Canis familiaris	dog	AM3a	Cosmopolitan	-	-	-	-	BRdg12
AB263319	Canis familiaris	dog	AM3a	Cosmopolitan	-	-	-	-	BRdg121
AB263320	Canis familiaris	dog	AM3a	Cosmopolitan	-	-	-	-	BRdg125
AB263321	Canis familiaris	dog	AM3a	Cosmopolitan	-	-	-	-	BRdg126
AB263322	Canis familiaris	dog	AM3a	Cosmopolitan	-	-	-	-	BRdg127
AB263323	Canis familiaris	dog	AM3a	Cosmopolitan	-	-	-	-	BRdg128
AB263298	Canis familiaris	dog	AM3a	Cosmopolitan	-	-	-	-	BRdg13
AB247410	Canis familiaris	Dog	AM3a	Cosmopolitan	-	-	-	-	BRdg15
AB263300	Canis familiaris	dog	AM3a	Cosmopolitan	-	-	-	-	BRdg19
AB247411	Canis familiaris	Dog	AM3a	Cosmopolitan	-	-	-	-	BRdg2
AB263304	Canis familiaris	dog	AM3a	Cosmopolitan	-	-	-	-	BRdg24
AB263308	Canis familiaris	dog	AM3a	Cosmopolitan	-	-	-	-	BRdg29
AB247412	Canis familiaris	Dog	AM3a	Cosmopolitan	-	-	-	-	BRdg317
AB263324	Canis familiaris	dog	AM3a	Cosmopolitan	-	-	-	-	BRdg317
AB247413	Canis familiaris	Dog	AM3a	Cosmopolitan	-	-	-	-	BRdg321
AB263326	Canis familiaris	dog	AM3a	Cosmopolitan	-	-	-	-	BRdg321
AB247414	Canis familiaris	Dog	AM3b	Cosmopolitan	-	-	-	-	BRdg322
AB263327	Canis familiaris	dog	AM3b	Cosmopolitan	-	-	-	-	BRdg322
AB247415	Canis familiaris	Dog	AM3a	Cosmopolitan	-	-	-	-	BRdg325
AB263328	Canis familiaris	dog	AM3a	Cosmopolitan	-	-	-	-	BRdg325
AB247416	Canis familiaris	Dog	AM3b	Cosmopolitan	-	-	-	-	BRdg331
AB263329	Canis familiaris	dog	AM3b	Cosmopolitan	-	-	-	-	BRdg331
AB247417	Canis familiaris	Dog	AM3b	Cosmopolitan	-	-	-	-	BRdg334
AB263331	Canis familiaris	dog	AM3b	Cosmopolitan	-	-	-	-	BRdg334
AB247418	Canis familiaris	Dog	AM3a	Cosmopolitan	-	-	-	-	BRdg335
AB263332	Canis familiaris	dog	AM3a	Cosmopolitan	-	-	-	-	BRdg335
AB263333	Canis familiaris	dog	DR	Bats	-	-	-	-	BRdg339
AB263334	Canis familiaris	dog	AM3a	Cosmopolitan	-	-	-	-	BRdg603
AB263335	Canis familiaris	dog	AM3b	Cosmopolitan	-	-	-	-	BRdg640
AB263336	Canis familiaris	dog	AM3b	Cosmopolitan	-	-	-	-	BRdg642
AB263337	Canis familiaris	dog	AM3b	Cosmopolitan	-	-	-	-	BRdg643
AB263338	Canis familiaris	dog	AM3b	Cosmopolitan	-	-	-	-	BRdg646
AB263339	Canis familiaris	dog	AM3b	Cosmopolitan	-	-	-	-	BRdg652
AB247445	Canis familiaris	Dog	AM3b	Cosmopolitan	-	-	-	-	BRdg657
AB263340	Canis familiaris	dog	AM3b	Cosmopolitan	-	-	-	-	BRdg657
AB247446	Canis familiaris	Dog	AM3a	Cosmopolitan	-	-	-	-	BRdg659
AB263341	Canis familiaris	dog	AM3a	Cosmopolitan	-	-	-	-	BRdg659
AB247447	Canis familiaris	Dog	AM3a	Cosmopolitan	-	-	-	-	BRdg661
AB263342	Canis familiaris	dog	AM3a	Cosmopolitan	-	-	-	-	BRdg661
AB247449	Canis familiaris	Dog	AM3b	Cosmopolitan	-	-	-	-	BRdg665
AB263343	Canis familiaris	dog	AM3b	Cosmopolitan	-	-	-	-	BRdg665
AB247419	Canis familiaris	Dog	AM3b	Cosmopolitan	-	-	-	-	BRdg666
AB263344	Canis familiaris	dog	AM3b	Cosmopolitan	-	-	-	-	BRdg666
AB247420	Canis familiaris	Dog	AM3b	Cosmopolitan	-	-	-	-	BRdg669
AB263345	Canis familiaris	dog	AM3b	Cosmopolitan	-	-	-	-	BRdg669
AB263294	Canis familiaris	dog	AM3a	Cosmopolitan	-	-	-	-	BRdg7
AB263309	Canis familiaris	dog	AM3a	Cosmopolitan	-	-	-	-	BRdg77
AB263295	Canis familiaris	dog	AM3a	Cosmopolitan	-	-	-	-	BRdg8
AB263310	Canis familiaris	dog	AM3a	Cosmopolitan	-	-	-	-	BRdg96
AB263311	Canis familiaris	dog	AM3a	Cosmopolitan	-	-	-	-	BRdg97
AB263312	Canis familiaris	dog	AM3a	Cosmopolitan	-	-	-	-	BRdg98
AB505882	Canis familiaris	dog	SEA1b	Asian	-	-	2007	-	CHdg11
AB505883	Canis familiaris	dog	SEA2a	Asian	-	-	2007	-	CHdg12
AB505884	Canis familiaris	dog	SEA2a	Asian	-	-	2007	-	CHdg13
AB505885	Canis familiaris	dog	SEA2a	Asian	-	-	2007	-	CHdg14
AB505886	Canis familiaris	dog	SEA1b	Asian	-	-	2007	-	CHdg15
AB505887	Canis familiaris	dog	SEA1b	Asian	-	-	2007	-	CHdg17
AB505888	Canis familiaris	dog	SEA1b	Asian	-	-	2007	-	CHdg18
AB505889	Canis familiaris	dog	SEA2a	Asian	-	-	2007	-	CHdg19
AB505890	Canis familiaris	dog	SEA1b	Asian	-	-	2007	-	CHdg20
AF533819	Canis familiaris	dog	-	Bats	-	-	-	-	CIDG3547
AF533820	Canis familiaris	dog	-	Bats	-	-	-	-	CIDG3549
AF533821	Canis familiaris	dog	LC	Bats	-	-	-	-	CIDG3587
AF533822	Canis familiaris	dog	TB2	Bats	-	-	-	-	CIDG3599
AF533823	Canis familiaris	dog	TB2	Bats	-	-	-	-	CIDG3975
AB154215	Canis familiaris	Dog	SEA1b	Asian	-	-	-	-	FL01-06
AB154216	Canis familiaris	Dog	SEA1b	Asian	-	-	-	-	FL01-08
AB154222	Canis familiaris	Dog	SEA1b	Asian	-	-	-	-	FL01-27
AB154217	Canis familiaris	Dog	SEA1b	Asian	-	-	-	-	FL02-10
AB154218	Canis familiaris	Dog	SEA1b	Asian	-	-	-	-	FL97-01
AB299032	Canis familiaris	dog	SEA3	Asian	-	-	-	-	HCM1
AB299042	Canis familiaris	dog	SEA3	Asian	-	-	-	-	HCM1
AB299039	Canis familiaris	dog	SEA3	Asian	-	-	-	-	HCM10
AB299046	Canis familiaris	dog	SEA3	Asian	-	-	-	-	HCM10
AB299033	Canis familiaris	dog	SEA3	Asian	-	-	-	-	HCM2
AB299043	Canis familiaris	dog	SEA3	Asian	-	-	-	-	HCM2
AB299034	Canis familiaris	dog	SEA3	Asian	-	-	-	-	HCM5
AB299035	Canis familiaris	dog	SEA3	Asian	-	-	-	-	HCM6
AB299044	Canis familiaris	dog	SEA3	Asian	-	-	-	-	HCM6
AB299036	Canis familiaris	dog	SEA3	Asian	-	-	-	-	HCM7
AB299037	Canis familiaris	dog	SEA3	Asian	-	-	-	-	HCM8
AB299038	Canis familiaris	dog	SEA3	Asian	-	-	-	-	HCM9
AB299045	Canis familiaris	dog	SEA3	Asian	-	-	-	-	HCM9
AB154220	Canis familiaris	Dog	SEA1b	Asian	-	-	-	-	JA97-05
AB154221	Canis familiaris	Dog	SEA1b	Asian	-	-	-	-	KL00-18
AB154223	Canis familiaris	Dog	SEA1b	Asian	-	-	-	-	KL97-03
AB052666	Canis familiaris	dog	SEA3	Asian	-	-	-	-	No.33
AB116577	Canis familiaris	dog	SEA4	Asian	-	-	-	-	PHI103
AB116581	Canis familiaris	dog	SEA4	Asian	-	-	-	-	PHI103
AB116578	Canis familiaris	dog	SEA4	Asian	-	-	-	-	PHI114
AB116582	Canis familiaris	dog	SEA4	Asian	-	-	-	-	PHI114
AB154225	Canis familiaris	Dog	SEA1b	Asian	-	-	-	-	SC00-12
AB154226	Canis familiaris	Dog	SEA1b	Asian	-	-	-	-	SC00-36
AB154227	Canis familiaris	Dog	SEA1b	Asian	-	-	-	-	SC00-45
AB154228	Canis familiaris	Dog	SEA1b	Asian	-	-	-	-	SC01-63
AB154229	Canis familiaris	Dog	SEA1b	Asian	-	-	-	-	SC02-79
AB154230	Canis familiaris	Dog	SEA1b	Asian	-	-	-	-	SC02-83
AB154231	Canis familiaris	Dog	SEA1b	Asian	-	-	-	-	SC02-89
AB154243	Canis familiaris	Dog	SEA1b	Asian	-	-	-	-	SC02-90
AB154232	Canis familiaris	Dog	SEA1b	Asian	-	-	-	-	SC02-91
AB154233	Canis familiaris	Dog	SEA1b	Asian	-	-	-	-	SC97-01
AB154234	Canis familiaris	Dog	SEA1b	Asian	-	-	-	-	SN00-03
AB154235	Canis familiaris	Dog	SEA1b	Asian	-	-	-	-	SN00-14
AB115921	Canis familiaris	dog	SEA1b	Asian	-	-	-	-	SN01-23
AB041966	Canis familiaris	dog	-	Indian-Sub	-	-	-	-	SRL1060
AB154237	Canis familiaris	Dog	SEA1b	Asian	-	-	-	-	SS01-13
AB154238	Canis familiaris	Dog	SEA1b	Asian	-	-	-	-	SS01-21
AB154239	Canis familiaris	Dog	SEA1b	Asian	-	-	-	-	SW01-11
AB154240	Canis familiaris	Dog	SEA1b	Asian	-	-	-	-	SW02-22
AB154241	Canis familiaris	Dog	SEA1b	Asian	-	-	-	-	SW97-04
AB178895	Canis familiaris	dog	SEA3	Asian	-	-	-	-	THA-Abha
AB178896	Canis familiaris	dog	SEA3	Asian	-	-	-	-	THA-AY
AB178892	Canis familiaris	dog	SEA3	Asian	-	-	-	-	THA1013
AB178893	Canis familiaris	dog	SEA3	Asian	-	-	-	-	THA1015
AB178894	Canis familiaris	dog	SEA3	Asian	-	-	-	-	THA1017
AB505874	Canis familiaris	dog	AF1b	Cosmopolitan	-	-	2003	-	UGdg1
AB505879	Canis familiaris	dog	AF1a	Cosmopolitan	-	-	2003	-	UGdg10
AB505880	Canis familiaris	dog	AF1b	Cosmopolitan	-	-	2003	-	UGdg11
AB505877	Canis familiaris	dog	AF1b	Cosmopolitan	-	-	2003	-	UGdg8
AB505878	Canis familiaris	dog	AF1b	Cosmopolitan	-	-	2003	-	UGdg9
AB116575	Canis familiaris	dog	SEA3	Asian	-	-	-	-	VN3
AB116579	Canis familiaris	dog	SEA3	Asian	-	-	-	-	VN3
AB299040	Canis familiaris	dog	SEA3	Asian	-	-	-	-	VN3
AB116576	Canis familiaris	dog	SEA3	Asian	-	-	-	-	VN52
AB116580	Canis familiaris	dog	SEA3	Asian	-	-	-	-	VN52
AB299041	Canis familiaris	dog	SEA3	Asian	-	-	-	-	VN52
AB284513	Canis familiaris	dog	AF1b	Cosmopolitan	APR	27	2005	-	ZAMRAV05/06
AB284512	Canis familiaris	dog	AF1b	Cosmopolitan	AUG	2	2005	-	ZAMRAV08/05
AB284508	Canis familiaris	dog	AF1b	Cosmopolitan	SEP	5	2005	-	ZAMRAV09/05
AB284511	Canis familiaris	dog	AF1b	Cosmopolitan	MAR	31	2000	-	ZAMRAV20/00
AB284514	Canis familiaris	dog	AF1b	Cosmopolitan	SEP	13	2004	-	ZAMRAV23/04
AB284510	Canis familiaris	dog	AF1b	Cosmopolitan	OCT	12	1999	-	ZAMRAV30/99
AB284507	Canis familiaris	dog	AF1b	Cosmopolitan	NOV	17	2000	-	ZAMRAV31
AB284509	Canis familiaris	dog	AF1b	Cosmopolitan	OCT	25	2000	-	ZAMRAV51/00
AB285215	Canis familiaris	dog	AF1b	Cosmopolitan	OCT	25	2000	-	ZAMRAV51/00
AB428313	Canis familiaris	dog brain	SEA2a	Asian	MAY	11	2004	-	CHbv7
AB428316	Canis familiaris	dog brain	SEA2a	Asian	NOV	9	2005	-	CHdg10
AB428325	Canis familiaris	dog brain	SEA2a	Asian	NOV	9	2006	-	CHdg10
AB428332	Canis familiaris	dog brain	SEA2a	Asian	NOV	9	2006	-	CHdg10
AB428308	Canis familiaris	dog brain	SEA1b	Asian	OCT	5	2005	-	CHdg11
AB428317	Canis familiaris	dog brain	SEA1b	Asian	OCT	5	2005	-	CHdg2
AB428326	Canis familiaris	dog brain	SEA1b	Asian	OCT	5	2005	-	CHdg2
AB428310	Canis familiaris	dog brain	SEA2a	Asian	MAY	11	2004	-	CHdg4
AB428319	Canis familiaris	dog brain	SEA2a	Asian	OCT	5	2005	-	CHdg4
AB428329	Canis familiaris	dog brain	SEA2a	Asian	MAY	11	2004	-	CHdg4
AB428311	Canis familiaris	dog brain	SEA2a	Asian	OCT	5	2005	-	CHdg5
AB428320	Canis familiaris	dog brain	SEA2a	Asian	OCT	5	2005	-	CHdg5
AB428328	Canis familiaris	dog brain	SEA2a	Asian	OCT	5	2005	-	CHdg5
AB428312	Canis familiaris	dog brain	SEA1b	Asian	FEB	10	2003	-	CHdg6
AB428321	Canis familiaris	dog brain	SEA1b	Asian	FEB	10	2003	-	CHdg6
AB428330	Canis familiaris	dog brain	SEA1b	Asian	FEB	10	2003	-	CHdg6
AB428314	Canis familiaris	dog brain	SEA2a	Asian	APR	20	2003	-	CHdg8
AB428324	Canis familiaris	dog brain	SEA2a	Asian	APR	20	2003	-	CHdg8
AB428331	Canis familiaris	dog brain	SEA2a	Asian	APR	20	2003	-	CHdg8
JX648489	Canis familiaris	dog brain	DR	Bats	-	-	2004	-	PERLAMDG16670-04
JX648426	Canis familiaris	dog brain	DR	Bats	-	-	2002	-	PERSMADG15667-02
DQ105947	Canis familiaris	dog brain	AL1a	Arctic	-	-	-	-	R105
DQ105948	Canis familiaris	dog brain	AL1a	Arctic	-	-	-	-	R107
DQ105949	Canis familiaris	dog brain	AL1a	Arctic	-	-	-	-	R109
DQ105952	Canis familiaris	dog brain	AL1a	Arctic	-	-	-	-	R116
DQ105953	Canis familiaris	dog brain	AL1a	Arctic	-	-	-	-	R117
DQ105956	Canis familiaris	dog brain	AL1a	Arctic	-	-	-	-	R132
DQ105957	Canis familiaris	dog brain	AL1a	Arctic	-	-	-	-	R134
DQ105959	Canis familiaris	dog brain	AL1a	Arctic	-	-	-	-	R141
DQ105960	Canis familiaris	dog brain	AL1a	Arctic	-	-	-	-	R142
DQ105961	Canis familiaris	dog brain	AL1a	Arctic	-	-	-	-	R143
DQ105962	Canis familiaris	dog brain	AL1a	Arctic	-	-	-	-	R144
DQ105963	Canis familiaris	dog brain	AL1a	Arctic	-	-	-	-	R145
DQ105943	Canis familiaris	dog brain	AL1a	Arctic	-	-	-	-	R76
DQ105944	Canis familiaris	dog brain	AL1a	Arctic	-	-	-	-	R81
AY259843	Canis familiaris	dog; Chennai 1996	-	Indian-Sub	-	-	-	-	DchN2M
AY259844	Canis familiaris	dog; Chennai 1997	-	Indian-Sub	-	-	-	-	DchN3M
AY259845	Canis familiaris	dog; Chennai 1997	-	Indian-Sub	-	-	-	-	DchN4M
AY259846	Canis familiaris	dog; Chennai 1997	-	Indian-Sub	-	-	-	-	DchOBD
AY259847	Canis familiaris	dog; Chennai 1997	-	-	-	-	-	-	DchPCD
AY259848	Canis familiaris	dog; Chennai 1998	-	Indian-Sub	-	-	-	-	DchPCDB
AY259849	Canis familiaris	dog; Chennai 1998	-	Indian-Sub	-	-	-	-	DchPCDB1
AY259853	Canis familiaris	dog; Chennai 1998	-	Indian-Sub	-	-	-	-	DchTAT
AY259850	Canis familiaris	dog; Chennai 1999	-	-	-	-	-	-	DchPCDX
AY259851	Canis familiaris	dog; Chennai 1999	-	Indian-Sub	-	-	-	-	DchT2T
AY259854	Canis familiaris	dog; Chennai 1999	-	-	-	-	-	-	DchTAF
DQ786033	Canis familiaris	domestic dog brain	AF1b	Cosmopolitan	-	-	-	-	448/03
DQ991104	Canis familiaris	infected brain from dog	AL1a	Arctic	-	-	2005	-	MVCDB1
DQ991113	Canis familiaris	infected brain from dog	AL1a	Arctic	-	-	2006	-	MVCDB10
DQ991116	Canis familiaris	infected brain from dog	AL1a	Arctic	-	-	2005	-	MVCDB14
DQ991105	Canis familiaris	infected brain from dog	AL1a	Arctic	-	-	2006	-	MVCDB2
DQ991106	Canis familiaris	infected brain from dog	AL1a	Arctic	-	-	2006	-	MVCDB3
DQ991107	Canis familiaris	infected brain from dog	AL1a	Arctic	-	-	2006	-	MVCDB4
DQ991108	Canis familiaris	infected brain from dog	AL1a	Arctic	-	-	2005	-	MVCDB5
DQ991109	Canis familiaris	infected brain from dog	AL1a	Arctic	-	-	2005	-	MVCDB6
DQ991110	Canis familiaris	infected brain from dog	AL1a	Arctic	-	-	2005	-	MVCDB7
DQ991111	Canis familiaris	infected brain from dog	AL1a	Arctic	-	-	2005	-	MVCDB8
DQ991112	Canis familiaris	infected brain from dog	AL1a	Arctic	-	-	2006	-	MVCDB9
DQ991127	Canis familiaris	infected brain from dog	AL1a	Arctic	-	-	2005	-	NIMMB11
DQ991128	Canis familiaris	infected brain from dog	AL1a	Arctic	-	-	2005	-	NIMMB12
DQ991120	Canis familiaris	infected brain from dog	AL1a	Arctic	-	-	2005	-	NIMMB4
DQ991121	Canis familiaris	infected brain from dog	AL1a	Arctic	-	-	2005	-	NIMMB5
DQ991122	Canis familiaris	infected brain from dog	AL1a	Arctic	-	-	2006	-	NIMMB6
DQ991123	Canis familiaris	infected brain from dog	AL1a	Arctic	-	-	2005	-	NIMMB7
DQ991124	Canis familiaris	infected brain from dog	AL1a	Arctic	-	-	2006	-	NIMMB8
DQ991125	Canis familiaris	infected brain from dog	AL1a	Arctic	-	-	2006	-	NIMMB9
DQ280331	Canis familiaris	infected dog brain	AL1a	-	-	-	-	-	-
DQ280332	Canis familiaris	infected dog brain	AL1a	-	-	-	-	-	-
DQ280333	Canis familiaris	infected dog brain	-	Arctic	-	-	-	-	-
DQ280335	Canis familiaris	infected dog brain	-	-	-	-	-	-	-
DQ280348	Canis familiaris	infected dog brain	AL1a	Arctic	-	-	-	-	-
DQ280349	Canis familiaris	infected dog brain	-	Arctic	-	-	-	-	-
DQ840098	Canis familiaris	infected dog brain	AL1a	Arctic	-	-	-	-	-
AY103013	Canis familiaris	Kenya/Dog	AF1b	Cosmopolitan	-	-	-	-	Rv460
AY102996	Canis familiaris	Pakistan/Dog/1989	AL1a	Arctic	-	-	-	-	Rv193
AY103003	Canis familiaris	Philippines/Dog/1994	SEA4	Asian	-	-	-	-	94270phi
AY103004	Canis familiaris	Philippines/Dog/1994	SEA4	Asian	-	-	-	-	94273phi
AY103005	Canis familiaris	Philippines/Dog/1994	SEA4	Asian	-	-	-	-	94280phi
AY103002	Canis familiaris	Philippines/Dog/2001	SEA4	Asian	-	-	-	-	Rv1121
MH460408	Canis familiaris	rabid canine's brain	SEA3	Asian	NOV	14	2017	-	TH-street11/17
JN786877	Canis familiaris	rabid dog	SEA3	Asian	-	-	-	-	QS-05
AY103010	Canis familiaris	South Africa/Dog	AF1b	Cosmopolitan	-	-	-	-	Rv189
AY102995	Canis familiaris	Sri Lanka/Dog	-	Indian-Sub	-	-	-	-	Rv69
AY103006	Canis familiaris	Thailand/Dog	SEA3	Asian	-	-	-	-	Rv1116
AY561764	Canis latrans	Canis latrans	AM2a	Cosmopolitan	-	-	-	-	247coahcy01
EU589997	Canis lupus	brain	ME2	Cosmopolitan	-	-	-	-	Wolf6220/2005
EU589998	Canis lupus	brain	ME2	Cosmopolitan	-	-	-	-	Wolf9552/2005
AB206437	Capra hircus	goat	DR	Bats	-	-	-	-	BR-Pgt1
AB623077	Capra hircus	Goat	DR	Bats	-	-	2008	-	BRgt1205
AB505881	Capra hircus	goat	AF1a	Cosmopolitan	-	-	2003	-	UGgt12
AB505875	Capra hircus	goat	AF1b	Cosmopolitan	-	-	2003	-	UGgt6
AB505876	Capra hircus	goat	AF1b	Cosmopolitan	-	-	2003	-	UGgt7
JX648471	Capra hircus	goat brain	DR	Bats	-	-	2002	-	PERAYAGT10576-02
JX648497	Capra hircus	goat brain	DR	Bats	-	-	2002	-	PERAYAGT10578-02
JX648531	Capra hircus	goat brain	DR	Bats	-	-	2003	-	PERAYAGT24135-03
JX648469	Capra hircus	goat brain	DR	Bats	-	-	2006	-	PERAYAGT42935-06
JX648486	Capra hircus	goat brain	DR	Bats	-	-	2007	-	PERAYAGT5592-07
DQ105954	Capra hircus	goat brain	AL1a	Arctic	-	-	-	-	R121
DQ105945	Capra hircus	goat brain	AL1a	Arctic	-	-	-	-	R82
DQ105946	Capra hircus	goat brain	AL1a	Arctic	-	-	-	-	R98
AY259841	Capra hircus	goat; Chennai 1996	-	Indian-Sub	-	-	-	-	GchAT3
DQ991114	Capra hircus	infected brain from goat	AL1a	Arctic	-	-	2005	-	MVCGB12
DQ991115	Capra hircus	infected brain from goat	AL1a	Arctic	-	-	2006	-	MVCGB13
DQ991117	Capra hircus	infected brain from goat	AL1a	Arctic	-	-	2006	-	MVCGB15
AY561818	Cervidae sp.	deer	-	Cosmopolitan	-	-	-	-	4475yucdeer99
AB154214	Cervidae sp.	Deer	SEA1b	Asian	-	-	-	-	SC01-65
DQ991131	Cervidae sp.	infected brain from deer	AL1a	Arctic	-	-	2006	-	NIMMB15
AB201819	Chiroptera sp.	Bat	DR	Bats	-	-	-	-	BR-BAT1
AB297651	Chiroptera sp.	Bat	-	Bats	-	-	-	-	BR-BAT13
AB297652	Chiroptera sp.	Bat	LC	Bats	-	-	-	-	BR-BAT15
AB373639	Chiroptera sp.	bat	LC	Bats	-	-	2003	-	BR-BAT15
AB297653	Chiroptera sp.	Bat	LC	Bats	-	-	-	-	BR-BAT16
AB373640	Chiroptera sp.	bat	LC	Bats	-	-	2006	-	BR-BAT16
AB201820	Chiroptera sp.	Bat	DR	Bats	-	-	-	-	BR-BAT2
AB297654	Chiroptera sp.	Bat	LC	Bats	-	-	-	-	BR-BAT22
AB297655	Chiroptera sp.	Bat	-	Bats	-	-	-	-	BR-BAT26
AB297656	Chiroptera sp.	Bat	-	Bats	-	-	-	-	BR-BAT27
AB297657	Chiroptera sp.	Bat	-	Bats	-	-	-	-	BR-BAT28
AB297658	Chiroptera sp.	Bat	-	Bats	-	-	-	-	BR-BAT29
AB297650	Chiroptera sp.	Bat	-	Bats	-	-	-	-	BR-BAT3
AB383162	Chiroptera sp.	Bat	-	Bats	-	-	-	-	BR-BAT3
AB297659	Chiroptera sp.	Bat	-	Bats	-	-	-	-	BR-BAT31
DQ416123	Chiroptera sp.	bat (species not determined) brain	-	Bats	-	-	-	-	3844dfbt03
DQ416124	Chiroptera sp.	bat (species not determined) brain	-	Bats	-	-	-	-	3870slpbt03
AB516672	Chiroptera sp.	frugivorous bat	DR	Bats	-	-	-	-	BR-AL5
AB516673	Chiroptera sp.	frugivorous bat	DR	Bats	-	-	-	-	BR-BAT10
AB516674	Chiroptera sp.	frugivorous bat	DR	Bats	-	-	-	-	BR-BAT11
AB516675	Chiroptera sp.	frugivorous bat	DR	Bats	-	-	-	-	BR-BAT12
AB516676	Chiroptera sp.	frugivorous bat	DR	Bats	-	-	-	-	BR-BAT14
AB516677	Chiroptera sp.	frugivorous bat	DR	Bats	-	-	-	-	BR-BAT17
AB516678	Chiroptera sp.	frugivorous bat	DR	Bats	-	-	-	-	BR-BAT18
AB516679	Chiroptera sp.	frugivorous bat	DR	Bats	-	-	-	-	BR-BAT19
AB516681	Chiroptera sp.	frugivorous bat	DR	Bats	-	-	-	-	BR-BAT21
AB516682	Chiroptera sp.	frugivorous bat	DR	Bats	-	-	-	-	BR-BAT23
AB516683	Chiroptera sp.	frugivorous bat	DR	Bats	-	-	-	-	BR-BAT24
AB516684	Chiroptera sp.	frugivorous bat	DR	Bats	-	-	-	-	BR-BAT25
AB516685	Chiroptera sp.	frugivorous bat	DR	Bats	-	-	-	-	BR-BAT30
AB516686	Chiroptera sp.	frugivorous bat	DR	Bats	-	-	-	-	BR-BAT6
AB516687	Chiroptera sp.	frugivorous bat	DR	Bats	-	-	-	-	BR-BAT7
AB516688	Chiroptera sp.	frugivorous bat	DR	Bats	-	-	-	-	BR-BAT8
AB516689	Chiroptera sp.	frugivorous bat	DR	Bats	-	-	-	-	BR-BAT9
AB516680	Chiroptera sp.	insectivorous bat	DR	Bats	-	-	-	-	BR-BAT20
AB206414	Chiroptera sp.	insectivorous bat	-	Bats	-	-	-	-	BR-Pbt1
AB206415	Chiroptera sp.	insectivorous bat	-	Bats	-	-	-	-	BR-Pbt2
AB206416	Chiroptera sp.	insectivorous bat	-	Bats	-	-	-	-	BR-Pbt3
AB206417	Chiroptera sp.	insectivorous bat	-	Bats	-	-	-	-	BR-Pbt4
AB206418	Chiroptera sp.	insectivorous bat	-	Bats	-	-	-	-	BR-Pbt5
AB206419	Chiroptera sp.	insectivorous bat	-	Bats	-	-	-	-	BR-Pbt6
AB206420	Chiroptera sp.	insectivorous bat	-	Bats	-	-	-	-	BR-Pbt7
AB206421	Chiroptera sp.	insectivorous bat	-	Bats	-	-	-	-	BR-Pbt8
AB206422	Chiroptera sp.	insectivorous bat	-	Bats	-	-	-	-	BR-Pbt9
AB383163	Chiroptera sp.	Non-haematophagous bat	LC	Bats	-	-	-	-	BR-BAT15
AB383164	Chiroptera sp.	Non-haematophagous bat	LC	Bats	-	-	-	-	BR-BAT16
AB383165	Chiroptera sp.	Non-haematophagous bat	EFu	Bats	-	-	-	-	BR-BAT28
AB383166	Chiroptera sp.	Non-haematophagous bat	-	Bats	-	-	-	-	BR-BAT29
AY103011	Cynictis penicillata	South Africa/Yellow mongoose	-	Africa-3	-	-	-	-	Rv420
AY103012	Cynictis penicillata	South Africa/Yellow mongoose	-	-	-	-	-	-	Rv421
AB247421	Desmodus sp.	Vampire bat	DR	Bats	-	-	-	-	BR-DR1
AB247422	Desmodus sp.	Vampire bat	DR	Bats	-	-	-	-	BR-DR2
AB516690	Desmodus sp.	Vampire bat	DR	Bats	-	-	-	-	BR-DR22
AB247423	Desmodus sp.	Vampire bat	DR	Bats	-	-	-	-	BR-DR3
AB247424	Desmodus sp.	Vampire bat	DR	Bats	-	-	-	-	BR-DR4
AB247425	Desmodus sp.	Vampire bat	DR	Bats	-	-	-	-	BR-DR5
AB247426	Desmodus sp.	Vampire bat	DR	Bats	-	-	-	-	BR-DR6
AB247427	Desmodus sp.	Vampire bat	DR	Bats	-	-	-	-	BR-DR7
AB247428	Desmodus sp.	Vampire bat	DR	Bats	-	-	-	-	BR-DR8
AB247429	Desmodus sp.	Vampire bat	DR	Bats	-	-	-	-	BR-DR9
AB110664	Desmodus sp.	vampire bat	DR	Bats	-	-	-	-	BRvmbt 33
AB247442	Desmodus sp.	Vampire bat	DR	Bats	-	-	-	-	BRvmbt41
AB247443	Desmodus sp.	Vampire bat	DR	Bats	-	-	-	-	BRvmbt47
AB206439	Equus asinus	donkey	DR	Bats	-	-	-	-	BR-Pdk1
JX648422	Equus asinus	donkey brain	DR	Bats	-	-	2005	-	PERAYADK50031-05
JX648542	Equus asinus	donkey brain	DR	Bats	-	-	2005	-	PERAYADN47065-05
AB516725	Equus caballus	equine	DR	Bats	-	-	-	-	BRbv1051
AB516726	Equus caballus	equine	DR	Bats	-	-	-	-	BRbv1052
AB516727	Equus caballus	equine	DR	Bats	-	-	-	-	BRbv1053
AB516994	Equus caballus	equine	DR	Bats	-	-	-	-	BRbv1055
AB516997	Equus caballus	equine	DR	Bats	-	-	-	-	BRbv1058
AB516729	Equus caballus	equine	DR	Bats	-	-	-	-	BRbv1059
AB516734	Equus caballus	equine	DR	Bats	-	-	-	-	BRbv1065
AB623076	Equus caballus	Horse	DR	Bats	-	-	2007	-	BRhr1196
AB110660	Equus caballus	horse	AM3a	Cosmopolitan	-	-	-	-	BRhr18
AB110662	Equus caballus	horse	DR	Bats	-	-	-	-	BRhr31
JX648525	Equus caballus	horse brain	DR	Bats	-	-	2002	-	PERAPUHR3981-02
JX648466	Equus caballus	horse brain	DR	Bats	-	-	2003	-	PERAYAHR17815-03
JX648505	Equus caballus	horse brain	DR	Bats	-	-	2002	-	PERAYAHR27817-02
JX648534	Equus caballus	horse brain	DR	Bats	-	-	2004	-	PERCUSHR24845-04
JX648429	Equus caballus	horse brain	DR	Bats	-	-	2004	-	PERSMAHR17048-04
JX648428	Equus caballus	horse brain	DR	Bats	-	-	2004	-	PERSMAHR17053-04
JX648532	Equus caballus	horse brain	DR	Bats	-	-	2002	-	PERSMAHR27577-02
JX648424	Equus caballus	horse brain	DR	Bats	-	-	2002	-	PERSMAHR35351-02
JX648419	Equus caballus	horse brain	DR	Bats	-	-	2003	-	PERSMAHR6074-03
AY102994	Equus caballus	Nigeria/Horse	AF1a	Cosmopolitan	-	-	-	-	Rv62
AY561769	Felis catus	cat	AM2a	Cosmopolitan	-	-	-	-	3275gtoct01
AY561813	Felis catus	cat	-	RAC-SK	-	-	-	-	3289jalct00
AY561763	Felis catus	cat	AM2a	Cosmopolitan	-	-	-	-	4506tampct02
AY561762	Felis catus	cat	AM2a	Cosmopolitan	-	-	-	-	4508tampct02
AB263315	Felis catus	cat	AM3a	Cosmopolitan	-	-	-	-	BRct112
AB276309	Felis catus	cat	AM3a	Cosmopolitan	-	-	-	-	BRct112
AB276310	Felis catus	cat	AM3a	Cosmopolitan	-	-	-	-	BRct116
AB263318	Felis catus	cat	AM3a	Cosmopolitan	-	-	-	-	BRct120
AB263299	Felis catus	cat	AM3a	Cosmopolitan	-	-	-	-	BRct14
AB263301	Felis catus	cat	AM3a	Cosmopolitan	-	-	-	-	BRct20
AB263302	Felis catus	cat	AM3a	Cosmopolitan	-	-	-	-	BRct21
AB263303	Felis catus	cat	AM3a	Cosmopolitan	-	-	-	-	BRct22
AB263305	Felis catus	cat	AM3a	Cosmopolitan	-	-	-	-	BRct25
AB263306	Felis catus	cat	AM3a	Cosmopolitan	-	-	-	-	BRct26
AB263307	Felis catus	cat	AM3a	Cosmopolitan	-	-	-	-	BRct27
AB110656	Felis catus	cat	AM3a	Cosmopolitan	-	-	-	-	BRct3
AB263325	Felis catus	cat	DR	Bats	-	-	-	-	BRct319
AB247408	Felis catus	Cat	AM3a	Cosmopolitan	-	-	-	-	BRct333
AB263330	Felis catus	cat	AM3a	Cosmopolitan	-	-	-	-	BRct333
AB263293	Felis catus	cat	AM3a	Cosmopolitan	-	-	-	-	BRct4
AB247409	Felis catus	Cat	AM3a	Cosmopolitan	-	-	-	-	BRct5
AB263296	Felis catus	cat	AM3a	Cosmopolitan	-	-	-	-	BRct9
AF533817	Felis catus	cat	-	Bats	-	-	-	-	CICT3543
AF533818	Felis catus	cat	-	Bats	-	-	-	-	CICT3596
AF533774	Felis catus	cat	-	Bats	-	-	-	-	Gt1519
AB154208	Felis catus	cat	SEA1b	Asian	-	-	-	-	SC01-68
AB154209	Felis catus	cat	SEA1b	Asian	-	-	-	-	SC01-74
AB154210	Felis catus	Cat	SEA1b	Asian	-	-	-	-	SC01-75
AB154211	Felis catus	Cat	SEA1b	Asian	-	-	-	-	SC02-82
AB041968	Felis catus	cat	-	Indian-Sub	-	-	-	-	SRL1143
DQ416122	Felis catus	cat brain	-	Bats	-	-	-	-	3301slct99
DQ280336	Felis catus	infected cat brain	-	Arctic	-	-	-	-	-
AY103014	Felis catus	South Africa/Cat	-	-	-	-	-	-	Rv487
AF533824	Histiotus sp.	Histiotus sp.	-	Bats	-	-	-	-	CIHM4312
AF533775	Histiotus sp.	Histiotus sp.	-	Bats	-	-	-	-	HI1126
AF533776	Histiotus sp.	Histiotus sp.	-	Bats	-	-	-	-	HI1202
AF533777	Histiotus sp.	Histiotus sp.	-	Bats	-	-	-	-	HI4030
AF533778	Histiotus sp.	Histiotus sp.	-	Bats	-	-	-	-	HI529
AF533779	Histiotus sp.	Histiotus sp.	-	Bats	-	-	-	-	HI57
AF533780	Histiotus sp.	Histiotus sp.	-	Bats	-	-	-	-	HI696
AF533781	Histiotus sp.	Histiotus sp.	-	Bats	-	-	-	-	HI697
AF533812	Histiotus sp.	Histiotus sp.	-	Bats	-	-	-	-	HI887
EU589963	Homo sapiens	brain	ME1a	Cosmopolitan	-	-	-	-	Horse8381/2006
EU589989	Homo sapiens	brain	ME1a	Cosmopolitan	-	-	-	-	Human145/1997
EU589974	Homo sapiens	brain	ME1a	Cosmopolitan	-	-	-	-	Human329/1996
EF102774	Homo sapiens	brain	AL1a	Arctic	-	-	-	-	patient 1
EF127002	Homo sapiens	brain	AL1a	Arctic	-	-	-	-	patient 1
EF102777	Homo sapiens	brain	AL1a	Arctic	-	-	-	-	patient 2
EF127004	Homo sapiens	brain	AL1a	Arctic	-	-	-	-	patient 2
EF102778	Homo sapiens	brain	AL1a	Arctic	-	-	-	-	patient 3
EF127006	Homo sapiens	brain	AL1a	Arctic	-	-	-	-	patient 3
AY218999	Homo sapiens	brain of patient with dumb rabies	SEA3	Asian	-	-	-	-	HM208
AY257983	Homo sapiens	brain of patient with dumb rabies	SEA3	Asian	-	-	-	-	HM208
AY257987	Homo sapiens	brain of patient with dumb rabies	SEA3	Asian	-	-	-	-	HM208
AY219001	Homo sapiens	brain of patient with dumb rabies	SEA3	Asian	-	-	-	-	HM75
AY257981	Homo sapiens	brain of patient with dumb rabies	SEA3	Asian	-	-	-	-	HM75
AY257985	Homo sapiens	brain of patient with dumb rabies	SEA3	Asian	-	-	-	-	HM75
AY219000	Homo sapiens	brain of patient with furious rabies	SEA3	Asian	-	-	-	-	HM65
AY257980	Homo sapiens	brain of patient with furious rabies	SEA3	Asian	-	-	-	-	HM65
AY257984	Homo sapiens	brain of patient with furious rabies	SEA3	Asian	-	-	-	-	HM65
AY219002	Homo sapiens	brain of patient with furious rabies	SEA3	Asian	-	-	-	-	HM88
AY257982	Homo sapiens	brain of patient with furious rabies	SEA3	Asian	-	-	-	-	HM88
AY257986	Homo sapiens	brain of patient with furious rabies	SEA3	Asian	-	-	-	-	HM88
AB276307	Homo sapiens	human	AM3a	Cosmopolitan	-	-	-	-	BRhm16
AB276311	Homo sapiens	human	AM3a	Cosmopolitan	-	-	-	-	BRhm528
AB276312	Homo sapiens	human	AM3a	Cosmopolitan	-	-	-	-	BRhm529
AB276313	Homo sapiens	human	AM3a	Cosmopolitan	-	-	-	-	BRhm530
AB276314	Homo sapiens	human	AM3a	Cosmopolitan	-	-	-	-	BRhm531
AB276315	Homo sapiens	human	DR	Bats	-	-	-	-	BRhm671
AB041965	Homo sapiens	human	-	Indian-Sub	-	-	-	-	SRL1036
JX648442	Homo sapiens	human brain	DR	Bats	-	-	2007	-	PERCUSHM7745-07
JX648440	Homo sapiens	human brain	DR	Bats	-	-	2007	-	PERCUSHM8217-07
JX648443	Homo sapiens	human brain	DR	Bats	-	-	2007	-	PERCUSHM8714-07
JX648438	Homo sapiens	human brain	DR	Bats	-	-	2007	-	PERCUSHM9449-07
JX648434	Homo sapiens	human brain	DR	Bats	-	-	2007	-	PERMDIHM1710-07
JX648435	Homo sapiens	human brain	DR	Bats	-	-	2007	-	PERMDIHM2987-07
JX648437	Homo sapiens	human brain	DR	Bats	-	-	2007	-	PERMDIHM5710-07
JX648436	Homo sapiens	human brain	DR	Bats	-	-	2007	-	PERMDIHM5711-07
JX648441	Homo sapiens	human brain	DR	Bats	-	-	2007	-	PERPUNHM7172-07
JX648439	Homo sapiens	human brain	DR	Bats	-	-	2007	-	PERPUNHM9090-07
JX648418	Homo sapiens	human brain	DR	Bats	-	-	2003	-	PERUCAHM23580-03
JX648416	Homo sapiens	human brain	DR	Bats	-	-	2003	-	PERUCAHM24278-03
DQ280337	Homo sapiens	infected human saliva	A	Arctic	-	-	-	-	-
DQ280338	Homo sapiens	infected human saliva	A	Arctic	-	-	-	-	-
DQ280339	Homo sapiens	infected human saliva	-	Arctic	-	-	-	-	-
DQ280340	Homo sapiens	infected human saliva	-	Arctic	-	-	-	-	-
DQ280341	Homo sapiens	infected human saliva	-	Arctic	-	-	-	-	-
DQ280342	Homo sapiens	infected human saliva	-	-	-	-	-	-	-
DQ280343	Homo sapiens	infected human saliva	AL1a	-	-	-	-	-	-
DQ280344	Homo sapiens	infected human saliva	AL1a	Arctic	-	-	-	-	-
DQ280345	Homo sapiens	infected human saliva	AL1a	Arctic	-	-	-	-	-
DQ280346	Homo sapiens	infected human saliva	AL1a	-	-	-	-	-	-
DQ280347	Homo sapiens	infected human saliva	AL1a	Arctic	-	-	-	-	-
AY103016	Homo sapiens	Nigeria/Human/1996	-	Africa-2	-	-	-	-	Rv629
AY103008	Homo sapiens	Nigeria/Human/1996 - Nigeria/UK ex Nigeria	-	Africa-2	-	-	-	-	Rv629
AY103007	Homo sapiens	Nigeria/Human/2001	-	Africa-2	-	-	-	-	Rv1122
AY103017	Homo sapiens	Nigeria/Human/2001	-	Africa-2	-	-	-	-	Rv1122
AY103001	Homo sapiens	Philippines/Human/1999	SEA4	Asian	-	-	-	-	Rv1120
MH141794	Homo sapiens	rabies patient	SEA1b	Asian	-	-	2017	-	17HN10
MH141795	Homo sapiens	rabies patient	SEA1b	Asian	-	-	2017	-	17HN17
MH141796	Homo sapiens	rabies patient	SEA1b	Asian	-	-	2017	-	17HN19
MH141797	Homo sapiens	rabies patient	SEA1b	Asian	-	-	2017	-	17HN27
MH141798	Homo sapiens	rabies patient	SEA1b	Asian	-	-	2017	-	17HN68
MH141799	Homo sapiens	rabies patient	SEA1b	Asian	-	-	2017	-	17HN74
MH141800	Homo sapiens	rabies patient	SEA1b	Asian	-	-	2017	-	17HN75
MH141801	Homo sapiens	rabies patient	SEA1b	Asian	-	-	2017	-	17HN78
EF564174	Homo sapiens	rabies patient	SEA2a	Asian	-	-	1956	-	CTN181
EU643590	Homo sapiens	rabies patient	SEA2a	Asian	-	-	2006	-	HN10
EF102775	Homo sapiens	saliva	AL1a	Arctic	-	-	-	-	patient 1
EF127003	Homo sapiens	saliva	AL1a	Arctic	-	-	-	-	patient 1
EF102776	Homo sapiens	saliva	AL1a	Arctic	-	-	-	-	patient 2
EF127005	Homo sapiens	saliva	AL1a	Arctic	-	-	-	-	patient 2
AY956319	Homo sapiens	saliva from symptomatic organ recipient	AL1a	Arctic	-	-	-	-	-
FJ959397	Homo sapiens	the brain of rabies patient	SEA2a	Asian	-	-	1956	-	CTN-1
AY103000	Homo sapiens	UK ex-Philippines/Human/2001	SEA4	Asian	-	-	-	-	Rv1112
AF533828	Lasiurus sp.	Lasiurus sp.	LC	Bats	-	-	-	-	lbbt3589
AF533810	Lasiurus sp.	Lasiurus sp.	LC	Bats	-	-	-	-	LS1979
AF533814	Lasiurus sp.	Lasiurus sp.	LC	Bats	-	-	-	-	LS2063
AF533782	Lasiurus sp.	Lasiurus sp.	LC	Bats	-	-	-	-	LS25
AF533783	Lasiurus sp.	Lasiurus sp.	LC	Bats	-	-	-	-	LS87
AY561803	Lynx rufus	Lynx rufus (bobcat)	AM2b	Cosmopolitan	-	-	-	-	3264sinbct01
AY561800	Lynx rufus	Lynx rufus (bobcat)	AM2b	Cosmopolitan	-	-	-	-	4510sonbct02
AY561806	Mephitis mephitis	Mephitis mephitis	Vac2	Cosmopolitan	-	-	-	-	1535dgosk01
AY561805	Mephitis mephitis	Mephitis mephitis	Vac2	Cosmopolitan	-	-	-	-	231sinsk01
AY561804	Mephitis mephitis	Mephitis mephitis	Vac2	Cosmopolitan	-	-	-	-	641sinsk01
AF533833	Myotis sp.	Myotis sp.	-	Bats	-	-	-	-	cimy3941
AF533813	Myotis sp.	Myotis sp.	-	Bats	-	-	-	-	My149
DQ786032	Otocyon megalotis	Otocyon megalotis brain	AF1b	Cosmopolitan	-	-	-	-	504/00
EU589979	Ovis aries	brain	ME1a	Cosmopolitan	-	-	-	-	Sheep9877/1999
DQ991129	Ovis aries	infected brain from sheep	AL1a	Arctic	-	-	2006	-	NIMMB13
DQ991130	Ovis aries	infected brain from sheep	AL1a	Arctic	-	-	2006	-	NIMMB14
DQ991119	Ovis aries	infected brain from sheep	AL1a	Arctic	-	-	2005	-	NIMMB3
AB206438	Ovis aries	sheep	DR	Bats	-	-	-	-	BR-Psp1
AB623078	Ovis aries	Sheep	DR	Bats	-	-	2004	-	BRsp1171
AB623079	Ovis aries	Sheep	DR	Bats	-	-	2008	-	BRsp1203
AB247441	Ovis aries	Sheep	DR	Bats	-	-	-	-	BRsp332
AB110665	Ovis aries	sheep	DR	Bats	-	-	-	-	BRsp35
JX648504	Ovis aries	sheep brain	DR	Bats	-	-	2003	-	PERAYASH26745-03
AB154242	Panthera tigris	Tiger	SEA1b	Asian	-	-	-	-	SC01-70
AY561802	Puma concolor	Puma concolor (cougar)	AM2b	Cosmopolitan	-	-	-	-	3282chihpm01
AY561811	Spilogale putorius	Spilogale putorius	-	RAC-SK	-	-	-	-	3247jalsk01
AY561814	Spilogale putorius	Spilogale putorius	-	RAC-SK	-	-	-	-	3248zacsk01
AY561807	Spilogale putorius	Spilogale putorius	-	Cosmopolitan	-	-	-	-	3265bcssk01
AY561808	Spilogale putorius	Spilogale putorius	-	Cosmopolitan	-	-	-	-	3290bcssk02
AY561812	Spilogale putorius	Spilogale putorius	-	RAC-SK	-	-	-	-	3296jalsk01
AY561822	Spilogale putorius	Spilogale putorius	-	Cosmopolitan	-	-	-	-	4471yucsk01
AY561815	Spilogale putorius	Spilogale putorius	-	RAC-SK	-	-	-	-	4489dgosk01
AY561816	Spilogale putorius	Spilogale putorius	-	RAC-SK	-	-	-	-	4502slpsk02
AY561817	Spilogale putorius	Spilogale putorius	-	RAC-SK	-	-	-	-	4505slpsk02
AB294349	Sus scrofa	brain of Sus scrofa	SEA2a	Asian	-	-	-	-	CHpg2
DQ496219	Sus scrofa	brain tissue of rabid pig	SEA2a	Asian	-	-	-	-	HuNPN01
AY561797	Sus scrofa	pig	AM2a	Cosmopolitan	-	-	-	-	4480yucpg02
AB110661	Sus scrofa	pig	AM3a	Cosmopolitan	-	-	-	-	BRpg28
AB247451	Sus scrofa	Pig	AM3b	Cosmopolitan	-	-	-	-	BRpg667
AF533825	Sus scrofa	pig	-	Bats	-	-	-	-	CIPG3953
AB428309	Sus scrofa	pig brain	SEA2a	Asian	OCT	5	2005	-	CHpg3
AB428318	Sus scrofa	pig brain	SEA2a	Asian	OCT	5	2005	-	CHpg3
AB428327	Sus scrofa	pig brain	SEA2a	Asian	OCT	5	2005	-	CHpg3
JX648408	Sus scrofa	pig brain	DR	Bats	-	-	2005	-	PERAMAPG2034-05
AF533826	Tadarida brasiliensis	Tadarida brasiliensis	LC	Bats	-	-	-	-	CITB3968
AF533827	Tadarida brasiliensis	Tadarida brasiliensis	LC	Bats	-	-	-	-	CITB3992
AF533784	Tadarida brasiliensis	Tadarida brasiliensis	TB2	Bats	-	-	-	-	Tb1119
AF533785	Tadarida brasiliensis	Tadarida brasiliensis	TB2	Bats	-	-	-	-	Tb1143
AF533786	Tadarida brasiliensis	Tadarida brasiliensis	TB2	Bats	-	-	-	-	Tb1271
AF533815	Tadarida brasiliensis	Tadarida brasiliensis	TB2	Bats	-	-	-	-	Tb1481
AF533787	Tadarida brasiliensis	Tadarida brasiliensis	TB2	Bats	-	-	-	-	Tb1505
AF533788	Tadarida brasiliensis	Tadarida brasiliensis	TB2	Bats	-	-	-	-	Tb1682
AF533789	Tadarida brasiliensis	Tadarida brasiliensis	TB2	Bats	-	-	-	-	Tb1829
AF533790	Tadarida brasiliensis	Tadarida brasiliensis	TB2	Bats	-	-	-	-	Tb2062
AF533811	Tadarida brasiliensis	Tadarida brasiliensis	TB2	Bats	-	-	-	-	Tb2071
AF533791	Tadarida brasiliensis	Tadarida brasiliensis	TB2	Bats	-	-	-	-	Tb2149
AF533792	Tadarida brasiliensis	Tadarida brasiliensis	TB2	Bats	-	-	-	-	Tb274
AF533793	Tadarida brasiliensis	Tadarida brasiliensis	TB2	Bats	-	-	-	-	Tb3044
AF533794	Tadarida brasiliensis	Tadarida brasiliensis	TB2	Bats	-	-	-	-	Tb3151
AF533795	Tadarida brasiliensis	Tadarida brasiliensis	TB2	Bats	-	-	-	-	Tb3462
AF533796	Tadarida brasiliensis	Tadarida brasiliensis	TB2	Bats	-	-	-	-	Tb3834
AF533797	Tadarida brasiliensis	Tadarida brasiliensis	TB2	Bats	-	-	-	-	Tb3844
AF533798	Tadarida brasiliensis	Tadarida brasiliensis	TB2	Bats	-	-	-	-	Tb3846
AF533799	Tadarida brasiliensis	Tadarida brasiliensis	TB2	Bats	-	-	-	-	Tb3848
AF533800	Tadarida brasiliensis	Tadarida brasiliensis	LC	Bats	-	-	-	-	Tb3851
AF533801	Tadarida brasiliensis	Tadarida brasiliensis	TB2	Bats	-	-	-	-	Tb3861
AF533802	Tadarida brasiliensis	Tadarida brasiliensis	TB2	Bats	-	-	-	-	Tb3863
AF533803	Tadarida brasiliensis	Tadarida brasiliensis	TB2	Bats	-	-	-	-	Tb3990
AF533804	Tadarida brasiliensis	Tadarida brasiliensis	-	Bats	-	-	-	-	Tb4009
AF533805	Tadarida brasiliensis	Tadarida brasiliensis	TB2	Bats	-	-	-	-	Tb4066
AF533806	Tadarida brasiliensis	Tadarida brasiliensis	TB2	Bats	-	-	-	-	Tb4441
AF533807	Tadarida brasiliensis	Tadarida brasiliensis	TB2	Bats	-	-	-	-	Tb454
AF533808	Tadarida brasiliensis	Tadarida brasiliensis	TB2	Bats	-	-	-	-	Tb617
AF533809	Tadarida brasiliensis	Tadarida brasiliensis	TB2	Bats	-	-	-	-	Tb645
AF533829	Tadarida brasiliensis	Tadarida brasiliensis	LC	Bats	-	-	-	-	tbbt3499
AF533832	Tadarida brasiliensis	Tadarida brasiliensis	-	Bats	-	-	-	-	tbbt3545
AF533830	Tadarida brasiliensis	Tadarida brasiliensis	-	Bats	-	-	-	-	tbbt3560
AF533831	Tadarida brasiliensis	Tadarida brasiliensis	TB2	Bats	-	-	-	-	tbbt3591
AY561799	Urocyon cineroargenteus	Urocyon cineroargenteus	AM2b	Cosmopolitan	-	-	-	-	3253sonfx01
AY561798	Urocyon cineroargenteus	Urocyon cineroargenteus	AM2b	Cosmopolitan	-	-	-	-	3280zacfx99
AY561801	Urocyon cineroargenteus	Urocyon cineroargenteus	AM2b	Cosmopolitan	-	-	-	-	4498sonfx02
AY245848	Vulpes lagopus	polar fox in Estonia in 1996	NEE	Cosmopolitan	-	-	-	-	-
AY245850	Vulpes vulpes	atypical red fox	CE	Cosmopolitan	-	-	-	-	-
EU589964	Vulpes vulpes	brain	ME1a	Cosmopolitan	-	-	-	-	Fox0034/2002
EU589986	Vulpes vulpes	brain	ME1a	Cosmopolitan	-	-	-	-	Fox0246/1999
EU589981	Vulpes vulpes	brain	ME1a	Cosmopolitan	-	-	-	-	Fox0338/1998
EU589967	Vulpes vulpes	brain	ME1a	Cosmopolitan	-	-	-	-	Fox1647/1999
EU589972	Vulpes vulpes	brain	ME1a	Cosmopolitan	-	-	-	-	Fox1752/1999
EU589971	Vulpes vulpes	brain	ME1a	Cosmopolitan	-	-	-	-	Fox2880/1999
EU589983	Vulpes vulpes	brain	ME1a	Cosmopolitan	-	-	-	-	Fox3108/1999
EU589984	Vulpes vulpes	brain	ME1a	Cosmopolitan	-	-	-	-	Fox3197/1998
EU589987	Vulpes vulpes	brain	ME1a	Cosmopolitan	-	-	-	-	Fox3205/1999
EU589970	Vulpes vulpes	brain	ME1a	Cosmopolitan	-	-	-	-	Fox3520/1997
EU589973	Vulpes vulpes	brain	ME1a	Cosmopolitan	-	-	-	-	Fox3754/1997
EU589975	Vulpes vulpes	brain	ME1a	Cosmopolitan	-	-	-	-	Fox3895/1996
EU589958	Vulpes vulpes	brain	ME1a	Cosmopolitan	-	-	-	-	Fox4429/2007
EU589961	Vulpes vulpes	brain	ME1a	Cosmopolitan	-	-	-	-	Fox7077/2007
EU589985	Vulpes vulpes	brain	ME1a	Cosmopolitan	-	-	-	-	Fox7468/1999
EU589978	Vulpes vulpes	brain	ME1a	Cosmopolitan	-	-	-	-	Fox7501/2000
EU589965	Vulpes vulpes	brain	ME1a	Cosmopolitan	-	-	-	-	Fox8674/2007
EU589969	Vulpes vulpes	brain	ME1a	Cosmopolitan	-	-	-	-	Fox9053/1997
EU589960	Vulpes vulpes	brain	ME1a	Cosmopolitan	-	-	-	-	Fox9934/2006
EU589968	Vulpes vulpes	brain	ME1a	Cosmopolitan	-	-	-	-	Fox9945/1997
AB206407	Vulpes vulpes	fox	AM3b	Cosmopolitan	-	-	-	-	BR-Pfx1
AB206408	Vulpes vulpes	fox	AM3b	Cosmopolitan	-	-	-	-	BR-Pfx2
AB206409	Vulpes vulpes	fox	AM3b	Cosmopolitan	-	-	-	-	BR-Pfx3
AB517660	Vulpes vulpes	fox	AM3b	Cosmopolitan	-	-	-	-	BR-Pfx3
AB206410	Vulpes vulpes	fox	AM3b	Cosmopolitan	-	-	-	-	BR-Pfx4
AB206411	Vulpes vulpes	fox	-	Cosmopolitan	-	-	-	-	BR-Pfx5
AB207884	Vulpes vulpes	fox	AM3b	Cosmopolitan	-	-	-	-	BR-Pfx6
AB206412	Vulpes vulpes	fox	AM3b	Cosmopolitan	-	-	-	-	BR-Pfx7
AB206413	Vulpes vulpes	fox	AM3b	Cosmopolitan	-	-	-	-	BR-Pfx8
AB247430	Vulpes vulpes	Fox	AM3b	Cosmopolitan	-	-	-	-	BRfx239
AB247431	Vulpes vulpes	Fox	AM3b	Cosmopolitan	-	-	-	-	BRfx240
AB247432	Vulpes vulpes	Fox	AM3b	Cosmopolitan	-	-	-	-	BRfx241
AB247433	Vulpes vulpes	Fox	AM3b	Cosmopolitan	-	-	-	-	BRfx242
AB247434	Vulpes vulpes	Fox	AM3b	Cosmopolitan	-	-	-	-	BRfx245
AB247435	Vulpes vulpes	Fox	AM3b	Cosmopolitan	-	-	-	-	BRfx246
AB247436	Vulpes vulpes	Fox	AM3b	Cosmopolitan	-	-	-	-	BRfx247
AB247437	Vulpes vulpes	Fox	AM3b	Cosmopolitan	-	-	-	-	BRfx248